rank,username,stars,avatar_url,profile_url
1,sindresorhus,1091868,https://avatars.githubusercontent.com/u/170270?v=4,https://gitstar-ranking.com/sindresorhus
2,react,512951,https://avatars.githubusercontent.com/u/102812?v=4,https://gitstar-ranking.com/react
3,karpathy,493843,https://avatars.githubusercontent.com/u/241138?v=3,https://gitstar-ranking.com/karpathy
4,donnemartin,471842,https://avatars.githubusercontent.com/u/5458997?v=3,https://gitstar-ranking.com/donnemartin
5,nilbuild,471441,https://avatars.githubusercontent.com/u/4921183?v=3,https://gitstar-ranking.com/nilbuild
6,jwasham,376880,https://avatars.githubusercontent.com/u/3771963?v=3,https://gitstar-ranking.com/jwasham
7,HKUDS,370056,https://avatars.githubusercontent.com/u/118165258?v=4,https://gitstar-ranking.com/HKUDS
8,vinta,329189,https://avatars.githubusercontent.com/u/652070?v=3,https://gitstar-ranking.com/vinta
9,mattpocock,299416,https://avatars.githubusercontent.com/u/28293365?v=4,https://gitstar-ranking.com/mattpocock
10,obra,297815,https://avatars.githubusercontent.com/u/45416?v=4,https://gitstar-ranking.com/obra
11,trimstray,294371,https://avatars3.githubusercontent.com/u/31127917?v=4,https://gitstar-ranking.com/trimstray
12,996icu,277187,https://avatars3.githubusercontent.com/u/48942249?v=4,https://gitstar-ranking.com/996icu
13,affaan-m,267698,https://avatars.githubusercontent.com/u/124439313?v=4,https://gitstar-ranking.com/affaan-m
14,torvalds,262966,https://avatars.githubusercontent.com/u/1024025?v=3,https://gitstar-ranking.com/torvalds
15,trekhleb,257786,https://avatars2.githubusercontent.com/u/3000285?v=4,https://gitstar-ranking.com/trekhleb
16,521xueweihan,228139,https://avatars.githubusercontent.com/u/8255800?v=3,https://gitstar-ranking.com/521xueweihan
17,ruanyf,219162,https://avatars.githubusercontent.com/u/905434?v=3,https://gitstar-ranking.com/ruanyf
18,jaywcjlove,216799,https://avatars.githubusercontent.com/u/1680273?v=3,https://gitstar-ranking.com/jaywcjlove
19,getify,216601,https://avatars.githubusercontent.com/u/150330?v=4,https://gitstar-ranking.com/getify
20,jackfrued,203097,https://avatars.githubusercontent.com/u/7474657?v=3,https://gitstar-ranking.com/jackfrued
21,justjavac,202427,https://avatars.githubusercontent.com/u/359395?v=3,https://gitstar-ranking.com/justjavac
22,CyC2018,193156,https://avatars3.githubusercontent.com/u/36260787?v=4,https://gitstar-ranking.com/CyC2018
23,yangshun,193089,https://avatars.githubusercontent.com/u/1315101?v=3,https://gitstar-ranking.com/yangshun
24,rasbt,192354,https://avatars.githubusercontent.com/u/5618407?v=3,https://gitstar-ranking.com/rasbt
25,f,191250,https://avatars.githubusercontent.com/u/196477?v=4,https://gitstar-ranking.com/f
26,avelino,187538,https://avatars.githubusercontent.com/u/31996?v=4,https://gitstar-ranking.com/avelino
27,bradtraversy,185200,https://avatars.githubusercontent.com/u/5550850?v=3,https://gitstar-ranking.com/bradtraversy
28,ruvnet,185174,https://avatars.githubusercontent.com/u/2934394?v=3,https://gitstar-ranking.com/ruvnet
29,lucidrains,183847,https://avatars.githubusercontent.com/u/108653?v=4,https://gitstar-ranking.com/lucidrains
30,Chalarangelo,181243,https://avatars.githubusercontent.com/u/8281875?v=3,https://gitstar-ranking.com/Chalarangelo
31,jlevy,176363,https://avatars.githubusercontent.com/u/2058167?v=3,https://gitstar-ranking.com/jlevy
32,lllyasviel,172493,https://avatars.githubusercontent.com/u/19834515?v=4,https://gitstar-ranking.com/lllyasviel
33,Snailclimb,172195,https://avatars0.githubusercontent.com/u/29880145?v=4,https://gitstar-ranking.com/Snailclimb
34,AUTOMATIC1111,171403,https://avatars.githubusercontent.com/u/20920490?v=4,https://gitstar-ranking.com/AUTOMATIC1111
35,sharkdp,171301,https://avatars.githubusercontent.com/u/4209276?v=3,https://gitstar-ranking.com/sharkdp
36,tw93,165964,https://avatars.githubusercontent.com/u/8736212?v=3,https://gitstar-ranking.com/tw93
37,garrytan,164903,https://avatars.githubusercontent.com/u/19957?v=4,https://gitstar-ranking.com/garrytan
38,addyosmani,163574,https://avatars.githubusercontent.com/u/110953?v=4,https://gitstar-ranking.com/addyosmani
39,typicode,159824,https://avatars.githubusercontent.com/u/5502029?v=3,https://gitstar-ranking.com/typicode
40,Asabeneh,157618,https://avatars.githubusercontent.com/u/9008063?v=3,https://gitstar-ranking.com/Asabeneh
41,junegunn,152851,https://avatars.githubusercontent.com/u/700826?v=3,https://gitstar-ranking.com/junegunn
42,sebastianbergmann,152575,https://avatars.githubusercontent.com/u/25218?v=4,https://gitstar-ranking.com/sebastianbergmann
43,kelseyhightower,145837,https://avatars.githubusercontent.com/u/1123322?v=3,https://gitstar-ranking.com/kelseyhightower
44,danielmiessler,144333,https://avatars.githubusercontent.com/u/50654?v=4,https://gitstar-ranking.com/danielmiessler
45,jesseduffield,144224,https://avatars.githubusercontent.com/u/8456633?v=3,https://gitstar-ranking.com/jesseduffield
46,tj,141793,https://avatars.githubusercontent.com/u/25254?v=4,https://gitstar-ranking.com/tj
47,Shubhamsaboo,141139,https://avatars.githubusercontent.com/u/31396011?v=4,https://gitstar-ranking.com/Shubhamsaboo
48,ripienaar,140195,https://avatars.githubusercontent.com/u/82342?v=4,https://gitstar-ranking.com/ripienaar
49,JakeWharton,139802,https://avatars.githubusercontent.com/u/66577?v=4,https://gitstar-ranking.com/JakeWharton
50,krahets,139235,https://avatars.githubusercontent.com/u/26993056?v=4,https://gitstar-ranking.com/krahets
51,labuladong,136522,https://avatars.githubusercontent.com/u/37220920?v=4,https://gitstar-ranking.com/labuladong
52,goldbergyoni,135484,https://avatars.githubusercontent.com/u/8571500?v=3,https://gitstar-ranking.com/goldbergyoni
53,mrdoob,134496,https://avatars.githubusercontent.com/u/97088?v=4,https://gitstar-ranking.com/mrdoob
54,macrozheng,134438,https://avatars.githubusercontent.com/u/15903809?v=4,https://gitstar-ranking.com/macrozheng
55,adrianhajdin,127732,https://avatars.githubusercontent.com/u/24898559?v=4,https://gitstar-ranking.com/adrianhajdin
56,mouredev,121392,https://avatars.githubusercontent.com/u/17043402?v=4,https://gitstar-ranking.com/mouredev
57,PanJiaChen,118712,https://avatars.githubusercontent.com/u/8121621?v=3,https://gitstar-ranking.com/PanJiaChen
58,louislam,117766,https://avatars.githubusercontent.com/u/1336778?v=3,https://gitstar-ranking.com/louislam
59,BurntSushi,115497,https://avatars.githubusercontent.com/u/456674?v=3,https://gitstar-ranking.com/BurntSushi
60,wasabeef,114096,https://avatars.githubusercontent.com/u/1833474?v=3,https://gitstar-ranking.com/wasabeef
61,fatedier,110003,https://avatars.githubusercontent.com/u/7346661?v=3,https://gitstar-ranking.com/fatedier
62,tpope,108286,https://avatars.githubusercontent.com/u/378?v=4,https://gitstar-ranking.com/tpope
63,spf13,108258,https://avatars.githubusercontent.com/u/173412?v=4,https://gitstar-ranking.com/spf13
64,lissy93,107034,https://avatars.githubusercontent.com/u/1862727?v=4,https://gitstar-ranking.com/lissy93
65,3b1b,106796,https://avatars.githubusercontent.com/u/11601040?v=4,https://gitstar-ranking.com/3b1b
66,keijiro,105582,https://avatars.githubusercontent.com/u/343936?v=3,https://gitstar-ranking.com/keijiro
67,Anduin2017,104175,https://avatars.githubusercontent.com/u/19531547?v=4,https://gitstar-ranking.com/Anduin2017
68,ashishps1,103971,https://avatars.githubusercontent.com/u/8646889?v=3,https://gitstar-ranking.com/ashishps1
69,thedaviddias,103447,https://avatars.githubusercontent.com/u/237229?v=3,https://gitstar-ranking.com/thedaviddias
70,florinpop17,102545,https://avatars.githubusercontent.com/u/6692364?v=3,https://gitstar-ranking.com/florinpop17
71,tonsky,102346,https://avatars.githubusercontent.com/u/285292?v=3,https://gitstar-ranking.com/tonsky
72,enaqx,102147,https://avatars.githubusercontent.com/u/182219?v=4,https://gitstar-ranking.com/enaqx
73,bregman-arie,101294,https://avatars.githubusercontent.com/u/10349437?v=4,https://gitstar-ranking.com/bregman-arie
74,nvbn,100811,https://avatars.githubusercontent.com/u/1114542?v=3,https://gitstar-ranking.com/nvbn
75,jamiebuilds,100442,https://avatars.githubusercontent.com/u/952783?v=3,https://gitstar-ranking.com/jamiebuilds
76,ryanmcdermott,98569,https://avatars.githubusercontent.com/u/5114666?v=3,https://gitstar-ranking.com/ryanmcdermott
77,hakimel,98475,https://avatars.githubusercontent.com/u/629429?v=3,https://gitstar-ranking.com/hakimel
78,FiloSottile,98122,https://avatars.githubusercontent.com/u/1225294?v=3,https://gitstar-ranking.com/FiloSottile
79,iluwatar,97025,https://avatars.githubusercontent.com/u/582346?v=3,https://gitstar-ranking.com/iluwatar
80,ashishpatel26,96763,https://avatars.githubusercontent.com/u/3095771?v=3,https://gitstar-ranking.com/ashishpatel26
81,alchaincyf,96322,https://avatars.githubusercontent.com/u/127714341?v=4,https://gitstar-ranking.com/alchaincyf
82,dylanaraps,95576,https://avatars.githubusercontent.com/u/6799467?v=3,https://gitstar-ranking.com/dylanaraps
83,thedotmack,94947,https://avatars.githubusercontent.com/u/683968?v=3,https://gitstar-ranking.com/thedotmack
84,D4Vinci,93377,https://avatars.githubusercontent.com/u/20604835?v=4,https://gitstar-ranking.com/D4Vinci
85,fengdu78,92255,https://avatars1.githubusercontent.com/u/26119052?v=4,https://gitstar-ranking.com/fengdu78
86,Developer-Y,92231,https://avatars1.githubusercontent.com/u/22699926?v=4,https://gitstar-ranking.com/Developer-Y
87,swisskyrepo,92214,https://avatars.githubusercontent.com/u/12152583?v=4,https://gitstar-ranking.com/swisskyrepo
88,phodal,91699,https://avatars.githubusercontent.com/u/472311?v=3,https://gitstar-ranking.com/phodal
89,easychen,90186,https://avatars.githubusercontent.com/u/1294760?v=3,https://gitstar-ranking.com/easychen
90,MunGell,90003,https://avatars.githubusercontent.com/u/812976?v=3,https://gitstar-ranking.com/MunGell
91,PKUFlyingPig,88015,https://avatars.githubusercontent.com/u/60659728?v=4,https://gitstar-ranking.com/PKUFlyingPig
92,cmliu,87799,https://avatars.githubusercontent.com/u/24787744?v=4,https://gitstar-ranking.com/cmliu
93,necolas,87722,https://avatars.githubusercontent.com/u/239676?v=3,https://gitstar-ranking.com/necolas
94,antirez,87353,https://avatars.githubusercontent.com/u/65632?v=4,https://gitstar-ranking.com/antirez
95,bailicangdu,86707,https://avatars2.githubusercontent.com/u/20297227?v=4,https://gitstar-ranking.com/bailicangdu
96,NirDiamant,86636,https://avatars.githubusercontent.com/u/28316913?v=4,https://gitstar-ranking.com/NirDiamant
97,fighting41love,86531,https://avatars.githubusercontent.com/u/11475294?v=4,https://gitstar-ranking.com/fighting41love
98,peng-zhihui,86166,https://avatars.githubusercontent.com/u/12994887?v=4,https://gitstar-ranking.com/peng-zhihui
99,ankane,86164,https://avatars.githubusercontent.com/u/220358?v=3,https://gitstar-ranking.com/ankane
100,folke,86127,https://avatars.githubusercontent.com/u/292349?v=3,https://gitstar-ranking.com/folke
101,hiyouga,85962,https://avatars.githubusercontent.com/u/16256802?v=4,https://gitstar-ranking.com/hiyouga
102,XIU2,85939,https://avatars.githubusercontent.com/u/54703944?v=4,https://gitstar-ranking.com/XIU2
103,unclecode,85546,https://avatars.githubusercontent.com/u/12494079?v=4,https://gitstar-ranking.com/unclecode
104,sudheerj,84663,https://avatars.githubusercontent.com/u/3127317?v=3,https://gitstar-ranking.com/sudheerj
105,anuraghazra,83977,https://avatars.githubusercontent.com/u/35374649?v=4,https://gitstar-ranking.com/anuraghazra
106,jaredpalmer,83682,https://avatars.githubusercontent.com/u/4060187?v=4,https://gitstar-ranking.com/jaredpalmer
107,chubin,83025,https://avatars.githubusercontent.com/u/3875145?v=3,https://gitstar-ranking.com/chubin
108,abi,82880,https://avatars.githubusercontent.com/u/23818?v=4,https://gitstar-ranking.com/abi
109,TapXWorld,82869,https://avatars.githubusercontent.com/u/3353541?v=3,https://gitstar-ranking.com/TapXWorld
110,DIYgod,82834,https://avatars.githubusercontent.com/u/8266075?v=3,https://gitstar-ranking.com/DIYgod
111,ChrisTitusTech,82682,https://avatars.githubusercontent.com/u/7896101?v=3,https://gitstar-ranking.com/ChrisTitusTech
112,wesbos,82559,https://avatars.githubusercontent.com/u/176013?v=4,https://gitstar-ranking.com/wesbos
113,prakhar1989,82527,https://avatars.githubusercontent.com/u/649249?v=3,https://gitstar-ranking.com/prakhar1989
114,MisterBooo,81221,https://avatars1.githubusercontent.com/u/15308811?v=4,https://gitstar-ranking.com/MisterBooo
115,Z4nzu,80337,https://avatars.githubusercontent.com/u/25708027?v=4,https://gitstar-ranking.com/Z4nzu
116,youngyangyang04,80166,https://avatars.githubusercontent.com/u/8636020?v=3,https://gitstar-ranking.com/youngyangyang04
117,minimaxir,80084,https://avatars.githubusercontent.com/u/2179708?v=3,https://gitstar-ranking.com/minimaxir
118,chenglou,79810,https://avatars.githubusercontent.com/u/1909539?v=3,https://gitstar-ranking.com/chenglou
119,Eugeny,79763,https://avatars.githubusercontent.com/u/161476?v=4,https://gitstar-ranking.com/Eugeny
120,egoist,79544,https://avatars.githubusercontent.com/u/8784712?v=3,https://gitstar-ranking.com/egoist
121,ocornut,78987,https://avatars.githubusercontent.com/u/8225057?v=3,https://gitstar-ranking.com/ocornut
122,jashkenas,78584,https://avatars.githubusercontent.com/u/4732?v=4,https://gitstar-ranking.com/jashkenas
123,gorhill,78497,https://avatars.githubusercontent.com/u/585534?v=3,https://gitstar-ranking.com/gorhill
124,steipete,78457,https://avatars.githubusercontent.com/u/58493?v=4,https://gitstar-ranking.com/steipete
125,kepano,78069,https://avatars.githubusercontent.com/u/10565871?v=4,https://gitstar-ranking.com/kepano
126,schollz,78021,https://avatars.githubusercontent.com/u/6550035?v=3,https://gitstar-ranking.com/schollz
127,1c7,77255,https://avatars.githubusercontent.com/u/1804755?v=3,https://gitstar-ranking.com/1c7
128,fffaraz,76990,https://avatars.githubusercontent.com/u/895678?v=3,https://gitstar-ranking.com/fffaraz
129,developit,76880,https://avatars.githubusercontent.com/u/105127?v=4,https://gitstar-ranking.com/developit
130,sdmg15,76579,https://avatars1.githubusercontent.com/u/13077039?v=4,https://gitstar-ranking.com/sdmg15
131,pbakaus,76233,https://avatars.githubusercontent.com/u/43004?v=4,https://gitstar-ranking.com/pbakaus
132,josephmisiti,76215,https://avatars.githubusercontent.com/u/246302?v=3,https://gitstar-ranking.com/josephmisiti
133,op7418,75289,https://avatars.githubusercontent.com/u/13505770?v=4,https://gitstar-ranking.com/op7418
134,code-yeongyu,74940,https://avatars.githubusercontent.com/u/11153873?v=4,https://gitstar-ranking.com/code-yeongyu
135,liyupi,74908,https://avatars.githubusercontent.com/u/26037703?v=4,https://gitstar-ranking.com/liyupi
136,ageron,74896,https://avatars.githubusercontent.com/u/76661?v=4,https://gitstar-ranking.com/ageron
137,bvaughn,74753,https://avatars.githubusercontent.com/u/29597?v=4,https://gitstar-ranking.com/bvaughn
138,juliangarnier,74748,https://avatars.githubusercontent.com/u/1268691?v=3,https://gitstar-ranking.com/juliangarnier
139,binhnguyennus,74587,https://avatars.githubusercontent.com/u/15001306?v=4,https://gitstar-ranking.com/binhnguyennus
140,geerlingguy,74385,https://avatars.githubusercontent.com/u/481677?v=3,https://gitstar-ranking.com/geerlingguy
141,s0md3v,74225,https://avatars.githubusercontent.com/u/26716802?v=4,https://gitstar-ranking.com/s0md3v
142,lyswhut,73692,https://avatars.githubusercontent.com/u/20365169?v=4,https://gitstar-ranking.com/lyswhut
143,chrislgarry,72981,https://avatars.githubusercontent.com/u/2200898?v=3,https://gitstar-ranking.com/chrislgarry
144,topjohnwu,72904,https://avatars.githubusercontent.com/u/7337301?v=3,https://gitstar-ranking.com/topjohnwu
145,ryanoasis,72731,https://avatars.githubusercontent.com/u/8083459?v=3,https://gitstar-ranking.com/ryanoasis
146,amitshekhariitbhu,72341,https://avatars.githubusercontent.com/u/9877145?v=3,https://gitstar-ranking.com/amitshekhariitbhu
147,colbymchenry,72219,https://avatars.githubusercontent.com/u/18431132?v=4,https://gitstar-ranking.com/colbymchenry
148,lencx,71754,https://avatars.githubusercontent.com/u/16164244?v=4,https://gitstar-ranking.com/lencx
149,antfu,71435,https://avatars.githubusercontent.com/u/11247099?v=4,https://gitstar-ranking.com/antfu
150,llSourcell,70103,https://avatars.githubusercontent.com/u/1279609?v=3,https://gitstar-ranking.com/llSourcell
151,rstacruz,69344,https://avatars.githubusercontent.com/u/74385?v=4,https://gitstar-ranking.com/rstacruz
152,dani-garcia,68643,https://avatars.githubusercontent.com/u/725423?v=3,https://gitstar-ranking.com/dani-garcia
153,shanraisshan,68568,https://avatars.githubusercontent.com/u/11731897?v=4,https://gitstar-ranking.com/shanraisshan
154,leonardomso,68488,https://avatars.githubusercontent.com/u/8030067?v=3,https://gitstar-ranking.com/leonardomso
155,amusi,68479,https://avatars.githubusercontent.com/u/22436957?v=4,https://gitstar-ranking.com/amusi
156,eriklindernoren,68409,https://avatars.githubusercontent.com/u/7977505?v=3,https://gitstar-ranking.com/eriklindernoren
157,asgeirtj,68032,https://avatars.githubusercontent.com/u/27446620?v=4,https://gitstar-ranking.com/asgeirtj
158,PlexPt,67887,https://avatars.githubusercontent.com/u/15922823?v=4,https://gitstar-ranking.com/PlexPt
159,jgthms,67612,https://avatars.githubusercontent.com/u/1254808?v=3,https://gitstar-ranking.com/jgthms
160,PatrickJS,67438,https://avatars.githubusercontent.com/u/1016365?v=4,https://gitstar-ranking.com/PatrickJS
161,skydoves,67433,https://avatars.githubusercontent.com/u/24237865?v=4,https://gitstar-ranking.com/skydoves
162,skywind3000,67368,https://avatars.githubusercontent.com/u/3035071?v=3,https://gitstar-ranking.com/skywind3000
163,midudev,67289,https://avatars.githubusercontent.com/u/1561955?v=3,https://gitstar-ranking.com/midudev
164,dtolnay,66689,https://avatars.githubusercontent.com/u/1940490?v=3,https://gitstar-ranking.com/dtolnay
165,simonw,66037,https://avatars.githubusercontent.com/u/9599?v=4,https://gitstar-ranking.com/simonw
166,tidwall,65715,https://avatars.githubusercontent.com/u/1156077?v=3,https://gitstar-ranking.com/tidwall
167,kdn251,65443,https://avatars1.githubusercontent.com/u/16903644?v=4,https://gitstar-ranking.com/kdn251
168,byoungd,64975,https://avatars.githubusercontent.com/u/16145783?v=4,https://gitstar-ranking.com/byoungd
169,soimort,64868,https://avatars.githubusercontent.com/u/342945?v=3,https://gitstar-ranking.com/soimort
170,YunaiV,64862,https://avatars.githubusercontent.com/u/2015545?v=3,https://gitstar-ranking.com/YunaiV
171,hehonghui,64757,https://avatars.githubusercontent.com/u/1683811?v=4,https://gitstar-ranking.com/hehonghui
172,nicklockwood,64492,https://avatars.githubusercontent.com/u/546885?v=3,https://gitstar-ranking.com/nicklockwood
173,evanw,64413,https://avatars.githubusercontent.com/u/406394?v=3,https://gitstar-ranking.com/evanw
174,jondot,63531,https://avatars.githubusercontent.com/u/83390?v=4,https://gitstar-ranking.com/jondot
175,ageitgey,63513,https://avatars.githubusercontent.com/u/896692?v=3,https://gitstar-ranking.com/ageitgey
176,laurent22,63101,https://avatars.githubusercontent.com/u/1285584?v=3,https://gitstar-ranking.com/laurent22
177,kovidgoyal,63041,https://avatars.githubusercontent.com/u/1308621?v=3,https://gitstar-ranking.com/kovidgoyal
178,romkatv,62008,https://avatars.githubusercontent.com/u/1282067?v=3,https://gitstar-ranking.com/romkatv
179,Solido,61843,https://avatars.githubusercontent.com/u/1295961?v=3,https://gitstar-ranking.com/Solido
180,charlax,61763,https://avatars.githubusercontent.com/u/120501?v=4,https://gitstar-ranking.com/charlax
181,WerWolv,61638,https://avatars.githubusercontent.com/u/10835354?v=4,https://gitstar-ranking.com/WerWolv
182,xingshaocheng,60999,https://avatars.githubusercontent.com/u/4962837?v=3,https://gitstar-ranking.com/xingshaocheng
183,jakevdp,60876,https://avatars.githubusercontent.com/u/781659?v=3,https://gitstar-ranking.com/jakevdp
184,adam-p,60586,https://avatars.githubusercontent.com/u/425687?v=3,https://gitstar-ranking.com/adam-p
185,CorentinJ,60500,https://avatars.githubusercontent.com/u/12038136?v=4,https://gitstar-ranking.com/CorentinJ
186,vadimdemedes,60429,https://avatars.githubusercontent.com/u/697676?v=3,https://gitstar-ranking.com/vadimdemedes
187,azl397985856,60273,https://avatars1.githubusercontent.com/u/12479470?v=4,https://gitstar-ranking.com/azl397985856
188,lukeed,59561,https://avatars.githubusercontent.com/u/5855893?v=3,https://gitstar-ranking.com/lukeed
189,Loyalsoldier,59433,https://avatars.githubusercontent.com/u/10487845?v=4,https://gitstar-ranking.com/Loyalsoldier
190,chiphuyen,59316,https://avatars.githubusercontent.com/u/11997567?v=4,https://gitstar-ranking.com/chiphuyen
191,tiimgreen,59293,https://avatars.githubusercontent.com/u/4130574?v=3,https://gitstar-ranking.com/tiimgreen
192,unknwon,58964,https://avatars.githubusercontent.com/u/2946214?v=3,https://gitstar-ranking.com/unknwon
193,mattn,58938,https://avatars.githubusercontent.com/u/10111?v=4,https://gitstar-ranking.com/mattn
194,scutan90,58757,https://avatars0.githubusercontent.com/u/31844692?v=4,https://gitstar-ranking.com/scutan90
195,DavidHDev,58475,https://avatars.githubusercontent.com/u/48634587?v=4,https://gitstar-ranking.com/DavidHDev
196,sdras,58109,https://avatars.githubusercontent.com/u/2281088?v=4,https://gitstar-ranking.com/sdras
197,fogleman,58092,https://avatars.githubusercontent.com/u/520208?v=3,https://gitstar-ranking.com/fogleman
198,mudler,57695,https://avatars.githubusercontent.com/u/2420543?v=3,https://gitstar-ranking.com/mudler
199,Raphire,57474,https://avatars.githubusercontent.com/u/9938813?v=3,https://gitstar-ranking.com/Raphire
200,astaxie,56909,https://avatars.githubusercontent.com/u/233907?v=3,https://gitstar-ranking.com/astaxie
201,poteto,56785,https://avatars.githubusercontent.com/u/1390709?v=3,https://gitstar-ranking.com/poteto
202,mathiasbynens,56748,https://avatars.githubusercontent.com/u/81942?v=4,https://gitstar-ranking.com/mathiasbynens
203,wagoodman,56507,https://avatars.githubusercontent.com/u/590471?v=3,https://gitstar-ranking.com/wagoodman
204,krishnaik06,56461,https://avatars.githubusercontent.com/u/20041231?v=4,https://gitstar-ranking.com/krishnaik06
205,streamich,56373,https://avatars.githubusercontent.com/u/9773803?v=3,https://gitstar-ranking.com/streamich
206,gedoor,56364,https://avatars.githubusercontent.com/u/22701807?v=4,https://gitstar-ranking.com/gedoor
207,jgm,56155,https://avatars.githubusercontent.com/u/3044?v=4,https://gitstar-ranking.com/jgm
208,karan,56099,https://avatars.githubusercontent.com/u/3261985?v=3,https://gitstar-ranking.com/karan
209,ngosang,55869,https://avatars.githubusercontent.com/u/10577978?v=4,https://gitstar-ranking.com/ngosang
210,agalwood,55808,https://avatars.githubusercontent.com/u/1032175?v=3,https://gitstar-ranking.com/agalwood
211,bojieli,55774,https://avatars.githubusercontent.com/u/1421793?v=3,https://gitstar-ranking.com/bojieli
212,vsouza,55695,https://avatars.githubusercontent.com/u/484656?v=3,https://gitstar-ranking.com/vsouza
213,AntonOsika,55651,https://avatars.githubusercontent.com/u/4467025?v=3,https://gitstar-ranking.com/AntonOsika
214,dkhamsing,55517,https://avatars.githubusercontent.com/u/4723115?v=3,https://gitstar-ranking.com/dkhamsing
215,bannedbook,55476,https://avatars.githubusercontent.com/u/4361923?v=3,https://gitstar-ranking.com/bannedbook
216,blader,55442,https://avatars.githubusercontent.com/u/1672?v=4,https://gitstar-ranking.com/blader
217,Wei-Shaw,54858,https://avatars.githubusercontent.com/u/26101719?v=4,https://gitstar-ranking.com/Wei-Shaw
218,zhaoolee,54759,https://avatars.githubusercontent.com/u/15868458?v=4,https://gitstar-ranking.com/zhaoolee
219,oblador,54483,https://avatars.githubusercontent.com/u/378279?v=3,https://gitstar-ranking.com/oblador
220,kentcdodds,54478,https://avatars.githubusercontent.com/u/1500684?v=3,https://gitstar-ranking.com/kentcdodds
221,CarGuo,54254,https://avatars.githubusercontent.com/u/10770362?v=4,https://gitstar-ranking.com/CarGuo
222,zenorocha,54251,https://avatars.githubusercontent.com/u/398893?v=3,https://gitstar-ranking.com/zenorocha
223,NARKOZ,54229,https://avatars.githubusercontent.com/u/253398?v=3,https://gitstar-ranking.com/NARKOZ
224,andrewyng,54213,https://avatars.githubusercontent.com/u/3710007?v=3,https://gitstar-ranking.com/andrewyng
225,GokuMohandas,54112,https://avatars.githubusercontent.com/u/8000987?v=3,https://gitstar-ranking.com/GokuMohandas
226,brillout,54097,https://avatars.githubusercontent.com/u/1005638?v=3,https://gitstar-ranking.com/brillout
227,mifi,53985,https://avatars.githubusercontent.com/u/402547?v=3,https://gitstar-ranking.com/mifi
228,ai,53142,https://avatars.githubusercontent.com/u/19343?v=4,https://gitstar-ranking.com/ai
229,Blankj,53055,https://avatars0.githubusercontent.com/u/17978187?v=3,https://gitstar-ranking.com/Blankj
230,mgechev,53013,https://avatars.githubusercontent.com/u/455023?v=3,https://gitstar-ranking.com/mgechev
231,bee-san,52973,https://avatars.githubusercontent.com/u/10378052?v=4,https://gitstar-ranking.com/bee-san
232,alyssaxuu,52832,https://avatars.githubusercontent.com/u/7581348?v=3,https://gitstar-ranking.com/alyssaxuu
233,JedWatson,52615,https://avatars.githubusercontent.com/u/872310?v=3,https://gitstar-ranking.com/JedWatson
234,rougier,52573,https://avatars.githubusercontent.com/u/327203?v=3,https://gitstar-ranking.com/rougier
235,keon,52296,https://avatars.githubusercontent.com/u/10793962?v=3,https://gitstar-ranking.com/keon
236,bevacqua,52113,https://avatars.githubusercontent.com/u/934293?v=3,https://gitstar-ranking.com/bevacqua
237,zhayujie,51931,https://avatars.githubusercontent.com/u/26161723?v=4,https://gitstar-ranking.com/zhayujie
238,nlohmann,51882,https://avatars.githubusercontent.com/u/159488?v=4,https://gitstar-ranking.com/nlohmann
239,mingrammer,51855,https://avatars.githubusercontent.com/u/6178510?v=3,https://gitstar-ranking.com/mingrammer
240,OpenGVLab,51788,https://avatars.githubusercontent.com/u/94522163?v=4,https://gitstar-ranking.com/OpenGVLab
241,hiteshchoudhary,51774,https://avatars.githubusercontent.com/u/11613311?v=4,https://gitstar-ranking.com/hiteshchoudhary
242,ziishaned,51621,https://avatars0.githubusercontent.com/u/16267321?v=4,https://gitstar-ranking.com/ziishaned
243,liquidslr,51286,https://avatars.githubusercontent.com/u/26876811?v=4,https://gitstar-ranking.com/liquidslr
244,blueimp,51023,https://avatars.githubusercontent.com/u/244586?v=3,https://gitstar-ranking.com/blueimp
245,serhii-londar,50799,https://avatars.githubusercontent.com/u/15808174?v=4,https://gitstar-ranking.com/serhii-londar
246,Jack-Cherish,50730,https://avatars.githubusercontent.com/u/16872370?v=4,https://gitstar-ranking.com/Jack-Cherish
247,skylot,50631,https://avatars.githubusercontent.com/u/118523?v=4,https://gitstar-ranking.com/skylot
248,nhn,50618,https://avatars.githubusercontent.com/u/7907400?v=3,https://gitstar-ranking.com/nhn
249,aymericdamien,50541,https://avatars1.githubusercontent.com/u/10386605?v=4,https://gitstar-ranking.com/aymericdamien
250,aimeos,50530,https://avatars.githubusercontent.com/u/8647429?v=3,https://gitstar-ranking.com/aimeos
251,xinntao,50521,https://avatars.githubusercontent.com/u/17445847?v=4,https://gitstar-ranking.com/xinntao
252,mafintosh,50503,https://avatars.githubusercontent.com/u/376661?v=3,https://gitstar-ranking.com/mafintosh
253,iperov,50501,https://avatars.githubusercontent.com/u/8076202?v=3,https://gitstar-ranking.com/iperov
254,halfrost,50382,https://avatars2.githubusercontent.com/u/10825609?v=4,https://gitstar-ranking.com/halfrost
255,evilsocket,50345,https://avatars.githubusercontent.com/u/86922?v=4,https://gitstar-ranking.com/evilsocket
256,iamkun,50295,https://avatars0.githubusercontent.com/u/17680888?v=4,https://gitstar-ranking.com/iamkun
257,eugeneyan,50183,https://avatars.githubusercontent.com/u/6831355?v=3,https://gitstar-ranking.com/eugeneyan
258,onevcat,50032,https://avatars.githubusercontent.com/u/1019875?v=3,https://gitstar-ranking.com/onevcat
259,vinceliuice,50025,https://avatars.githubusercontent.com/u/7604295?v=3,https://gitstar-ranking.com/vinceliuice
260,denysdovhan,49851,https://avatars.githubusercontent.com/u/3459374?v=3,https://gitstar-ranking.com/denysdovhan
261,lukasz-madon,49730,https://avatars.githubusercontent.com/u/1547923?v=3,https://gitstar-ranking.com/lukasz-madon
262,sahat,49727,https://avatars.githubusercontent.com/u/544954?v=3,https://gitstar-ranking.com/sahat
263,p-e-w,49476,https://avatars.githubusercontent.com/u/2702526?v=3,https://gitstar-ranking.com/p-e-w
264,alex,49429,https://avatars.githubusercontent.com/u/772?v=4,https://gitstar-ranking.com/alex
265,akullpp,49329,https://avatars.githubusercontent.com/u/4538351?v=3,https://gitstar-ranking.com/akullpp
266,transitive-bullshit,49271,https://avatars.githubusercontent.com/u/552829?v=3,https://gitstar-ranking.com/transitive-bullshit
267,DovAmir,49115,https://avatars.githubusercontent.com/u/2938156?v=3,https://gitstar-ranking.com/DovAmir
268,junyanz,48586,https://avatars.githubusercontent.com/u/1924757?v=3,https://gitstar-ranking.com/junyanz
269,sorrycc,48547,https://avatars.githubusercontent.com/u/35128?v=4,https://gitstar-ranking.com/sorrycc
270,LeCoupa,48519,https://avatars.githubusercontent.com/u/1658644?v=3,https://gitstar-ranking.com/LeCoupa
271,florent37,48285,https://avatars.githubusercontent.com/u/5754972?v=3,https://gitstar-ranking.com/florent37
272,AllThingsSmitty,48280,https://avatars.githubusercontent.com/u/1682367?v=3,https://gitstar-ranking.com/AllThingsSmitty
273,timescale,47931,https://avatars.githubusercontent.com/u/8986001?v=3,https://gitstar-ranking.com/timescale
274,vnpy,47857,https://avatars.githubusercontent.com/u/11263900?v=4,https://gitstar-ranking.com/vnpy
275,ityouknow,47748,https://avatars.githubusercontent.com/u/4979648?v=3,https://gitstar-ranking.com/ityouknow
276,dypsilon,47545,https://avatars.githubusercontent.com/u/425735?v=3,https://gitstar-ranking.com/dypsilon
277,Anil-matcha,47540,https://avatars.githubusercontent.com/u/4326215?v=3,https://gitstar-ranking.com/Anil-matcha
278,gaearon,47474,https://avatars.githubusercontent.com/u/810438?v=3,https://gitstar-ranking.com/gaearon
279,9001,47361,https://avatars.githubusercontent.com/u/241032?v=3,https://gitstar-ranking.com/9001
280,nolimits4web,47105,https://avatars.githubusercontent.com/u/999588?v=3,https://gitstar-ranking.com/nolimits4web
281,colinhacks,46950,https://avatars.githubusercontent.com/u/3084745?v=3,https://gitstar-ranking.com/colinhacks
282,daimajia,46894,https://avatars.githubusercontent.com/u/2503423?v=3,https://gitstar-ranking.com/daimajia
283,pbatard,46829,https://avatars.githubusercontent.com/u/1206968?v=3,https://gitstar-ranking.com/pbatard
284,formulahendry,46825,https://avatars.githubusercontent.com/u/1050213?v=3,https://gitstar-ranking.com/formulahendry
285,mitchellh,46526,https://avatars.githubusercontent.com/u/1299?v=4,https://gitstar-ranking.com/mitchellh
286,ahmetb,46499,https://avatars.githubusercontent.com/u/159209?v=4,https://gitstar-ranking.com/ahmetb
287,felixrieseberg,46361,https://avatars.githubusercontent.com/u/1426799?v=3,https://gitstar-ranking.com/felixrieseberg
288,twostraws,46215,https://avatars.githubusercontent.com/u/190200?v=4,https://gitstar-ranking.com/twostraws
289,Apress,46191,https://avatars.githubusercontent.com/u/540720?v=3,https://gitstar-ranking.com/Apress
290,floodsung,46099,https://avatars.githubusercontent.com/u/3880963?v=3,https://gitstar-ranking.com/floodsung
291,GitSquared,46025,https://avatars1.githubusercontent.com/u/24496417?v=4,https://gitstar-ranking.com/GitSquared
292,saadeghi,45690,https://avatars.githubusercontent.com/u/7342023?v=3,https://gitstar-ranking.com/saadeghi
293,raysan5,45365,https://avatars.githubusercontent.com/u/5766837?v=3,https://gitstar-ranking.com/raysan5
294,Lakr233,45246,https://avatars.githubusercontent.com/u/25259084?v=4,https://gitstar-ranking.com/Lakr233
295,knadh,45139,https://avatars.githubusercontent.com/u/547147?v=3,https://gitstar-ranking.com/knadh
296,samber,45088,https://avatars.githubusercontent.com/u/2951285?v=3,https://gitstar-ranking.com/samber
297,alvarotrigo,45007,https://avatars.githubusercontent.com/u/1706326?v=3,https://gitstar-ranking.com/alvarotrigo
298,ymcui,44932,https://avatars.githubusercontent.com/u/16095339?v=4,https://gitstar-ranking.com/ymcui
299,Unitech,44895,https://avatars.githubusercontent.com/u/757747?v=3,https://gitstar-ranking.com/Unitech
300,hongyangAndroid,44756,https://avatars.githubusercontent.com/u/10704521?v=4,https://gitstar-ranking.com/hongyangAndroid
301,anvaka,44715,https://avatars.githubusercontent.com/u/225407?v=3,https://gitstar-ranking.com/anvaka
302,max-mapper,44631,https://avatars.githubusercontent.com/u/39759?v=4,https://gitstar-ranking.com/max-mapper
303,mrdbourke,44510,https://avatars.githubusercontent.com/u/16750345?v=4,https://gitstar-ranking.com/mrdbourke
304,jianchang512,44496,https://avatars.githubusercontent.com/u/3378335?v=3,https://gitstar-ranking.com/jianchang512
305,fengyuanchen,44416,https://avatars.githubusercontent.com/u/3456749?v=3,https://gitstar-ranking.com/fengyuanchen
306,acheong08,44351,https://avatars.githubusercontent.com/u/36258159?v=4,https://gitstar-ranking.com/acheong08
307,Light-City,44239,https://avatars.githubusercontent.com/u/25699850?v=4,https://gitstar-ranking.com/Light-City
308,rsms,44181,https://avatars.githubusercontent.com/u/47046?v=4,https://gitstar-ranking.com/rsms
309,ianstormtaylor,44148,https://avatars.githubusercontent.com/u/311752?v=3,https://gitstar-ranking.com/ianstormtaylor
310,juanfont,44126,https://avatars.githubusercontent.com/u/181059?v=4,https://gitstar-ranking.com/juanfont
311,Tyrrrz,44090,https://avatars.githubusercontent.com/u/1935960?v=3,https://gitstar-ranking.com/Tyrrrz
312,hankcs,44021,https://avatars.githubusercontent.com/u/5326890?v=3,https://gitstar-ranking.com/hankcs
313,remy,44006,https://avatars.githubusercontent.com/u/13700?v=4,https://gitstar-ranking.com/remy
314,huihut,43957,https://avatars.githubusercontent.com/u/23519480?v=4,https://gitstar-ranking.com/huihut
315,xiaolai,43888,https://avatars.githubusercontent.com/u/152970?v=4,https://gitstar-ranking.com/xiaolai
316,freestylefly,43872,https://avatars.githubusercontent.com/u/43960064?v=4,https://gitstar-ranking.com/freestylefly
317,lenve,43793,https://avatars.githubusercontent.com/u/6023444?v=3,https://gitstar-ranking.com/lenve
318,jarun,43645,https://avatars.githubusercontent.com/u/5959286?v=3,https://gitstar-ranking.com/jarun
319,ThePrimeagen,43589,https://avatars.githubusercontent.com/u/4458174?v=3,https://gitstar-ranking.com/ThePrimeagen
320,luongnv89,43369,https://avatars.githubusercontent.com/u/3288457?v=3,https://gitstar-ranking.com/luongnv89
321,sxyazi,43297,https://avatars.githubusercontent.com/u/17523360?v=4,https://gitstar-ranking.com/sxyazi
322,mli,43256,https://avatars.githubusercontent.com/u/421857?v=3,https://gitstar-ranking.com/mli
323,faif,43200,https://avatars.githubusercontent.com/u/1304661?v=3,https://gitstar-ranking.com/faif
324,CorentinTh,43178,https://avatars.githubusercontent.com/u/25065347?v=4,https://gitstar-ranking.com/CorentinTh
325,crossoverJie,43028,https://avatars7.githubusercontent.com/u/15684156?v=4,https://gitstar-ranking.com/crossoverJie
326,iampawan,43023,https://avatars.githubusercontent.com/u/12619420?v=4,https://gitstar-ranking.com/iampawan
327,jdx,42911,https://avatars.githubusercontent.com/u/216188?v=3,https://gitstar-ranking.com/jdx
328,k88hudson,42895,https://avatars.githubusercontent.com/u/1455535?v=3,https://gitstar-ranking.com/k88hudson
329,miguelgrinberg,42727,https://avatars.githubusercontent.com/u/2715854?v=3,https://gitstar-ranking.com/miguelgrinberg
330,exelban,42441,https://avatars.githubusercontent.com/u/13332412?v=4,https://gitstar-ranking.com/exelban
331,jivoi,42439,https://avatars.githubusercontent.com/u/740995?v=3,https://gitstar-ranking.com/jivoi
332,programthink,42403,https://avatars.githubusercontent.com/u/4027957?v=3,https://gitstar-ranking.com/programthink
333,jaredhanson,42340,https://avatars.githubusercontent.com/u/10355?v=4,https://gitstar-ranking.com/jaredhanson
334,derailed,42113,https://avatars.githubusercontent.com/u/4060?v=4,https://gitstar-ranking.com/derailed
335,rwaldron,42093,https://avatars.githubusercontent.com/u/27985?v=4,https://gitstar-ranking.com/rwaldron
336,ibireme,41962,https://avatars.githubusercontent.com/u/839283?v=3,https://gitstar-ranking.com/ibireme
337,can1357,41935,https://avatars.githubusercontent.com/u/11807264?v=4,https://gitstar-ranking.com/can1357
338,wg,41934,https://avatars.githubusercontent.com/u/94529?v=4,https://gitstar-ranking.com/wg
339,tobi,41845,https://avatars.githubusercontent.com/u/347?v=4,https://gitstar-ranking.com/tobi
340,MorvanZhou,41692,https://avatars.githubusercontent.com/u/19408436?v=4,https://gitstar-ranking.com/MorvanZhou
341,nilaoda,41671,https://avatars.githubusercontent.com/u/20772925?v=4,https://gitstar-ranking.com/nilaoda
342,carpedm20,41649,https://avatars.githubusercontent.com/u/3346407?v=3,https://gitstar-ranking.com/carpedm20
343,GyulyVGC,41425,https://avatars.githubusercontent.com/u/100347457?v=4,https://gitstar-ranking.com/GyulyVGC
344,dennybritz,41347,https://avatars.githubusercontent.com/u/403133?v=3,https://gitstar-ranking.com/dennybritz
345,vasanthk,41281,https://avatars.githubusercontent.com/u/3537278?v=3,https://gitstar-ranking.com/vasanthk
346,0xAX,41245,https://avatars.githubusercontent.com/u/2699235?v=3,https://gitstar-ranking.com/0xAX
347,ajeetdsouza,40949,https://avatars.githubusercontent.com/u/1777663?v=3,https://gitstar-ranking.com/ajeetdsouza
348,huiyadanli,40872,https://avatars.githubusercontent.com/u/15783049?v=4,https://gitstar-ranking.com/huiyadanli
349,koalaman,40794,https://avatars.githubusercontent.com/u/2818758?v=3,https://gitstar-ranking.com/koalaman
350,hwdsl2,40720,https://avatars.githubusercontent.com/u/5104323?v=3,https://gitstar-ranking.com/hwdsl2
351,Trinea,40572,https://avatars.githubusercontent.com/u/1169522?v=3,https://gitstar-ranking.com/Trinea
352,wsdjeg,40396,https://avatars.githubusercontent.com/u/13142418?v=3,https://gitstar-ranking.com/wsdjeg
353,yunjey,40299,https://avatars.githubusercontent.com/u/15663219?v=4,https://gitstar-ranking.com/yunjey
354,gto76,40275,https://avatars.githubusercontent.com/u/1396046?v=3,https://gitstar-ranking.com/gto76
355,lfnovo,40119,https://avatars.githubusercontent.com/u/579178?v=3,https://gitstar-ranking.com/lfnovo
356,geekan,40109,https://avatars.githubusercontent.com/u/2707039?v=3,https://gitstar-ranking.com/geekan
357,ardalis,40017,https://avatars.githubusercontent.com/u/782127?v=3,https://gitstar-ranking.com/ardalis
358,fatih,40002,https://avatars.githubusercontent.com/u/438920?v=3,https://gitstar-ranking.com/fatih
359,rakyll,39904,https://avatars.githubusercontent.com/u/108380?v=4,https://gitstar-ranking.com/rakyll
360,binarywang,39650,https://avatars.githubusercontent.com/u/1343140?v=3,https://gitstar-ranking.com/binarywang
361,timqian,39610,https://avatars.githubusercontent.com/u/5512552?v=3,https://gitstar-ranking.com/timqian
362,rui314,39599,https://avatars.githubusercontent.com/u/47400?v=4,https://gitstar-ranking.com/rui314
363,kilimchoi,39589,https://avatars.githubusercontent.com/u/1356007?v=3,https://gitstar-ranking.com/kilimchoi
364,getActivity,39431,https://avatars.githubusercontent.com/u/28616817?v=4,https://gitstar-ranking.com/getActivity
365,tiann,39429,https://avatars.githubusercontent.com/u/4233744?v=3,https://gitstar-ranking.com/tiann
366,isaacs,39392,https://avatars.githubusercontent.com/u/9287?v=4,https://gitstar-ranking.com/isaacs
367,yuliskov,39310,https://avatars.githubusercontent.com/u/5897464?v=3,https://gitstar-ranking.com/yuliskov
368,jpillora,39277,https://avatars.githubusercontent.com/u/633843?v=3,https://gitstar-ranking.com/jpillora
369,bilawalsidhu,39260,https://avatars.githubusercontent.com/u/106619546?v=4,https://gitstar-ranking.com/bilawalsidhu
370,mattdesl,39214,https://avatars.githubusercontent.com/u/1383811?v=3,https://gitstar-ranking.com/mattdesl
371,Dogfalo,39129,https://avatars.githubusercontent.com/u/2775751?v=3,https://gitstar-ranking.com/Dogfalo
372,PhilJay,39093,https://avatars.githubusercontent.com/u/6759734?v=3,https://gitstar-ranking.com/PhilJay
373,XingangPan,39041,https://avatars.githubusercontent.com/u/13579537?v=4,https://gitstar-ranking.com/XingangPan
374,jedisct1,38989,https://avatars.githubusercontent.com/u/124872?v=4,https://gitstar-ranking.com/jedisct1
375,greenrobot,38959,https://avatars.githubusercontent.com/u/242242?v=3,https://gitstar-ranking.com/greenrobot
376,chokcoco,38819,https://avatars.githubusercontent.com/u/8554143?v=3,https://gitstar-ranking.com/chokcoco
377,alebcay,38800,https://avatars.githubusercontent.com/u/3536482?v=3,https://gitstar-ranking.com/alebcay
378,leandromoreira,38621,https://avatars.githubusercontent.com/u/55913?v=4,https://gitstar-ranking.com/leandromoreira
379,JustVugg,38562,https://avatars.githubusercontent.com/u/13022503?v=4,https://gitstar-ranking.com/JustVugg
380,kuchin,38482,https://avatars.githubusercontent.com/u/87963?v=4,https://gitstar-ranking.com/kuchin
381,mislav,38460,https://avatars.githubusercontent.com/u/887?v=4,https://gitstar-ranking.com/mislav
382,tomnomnom,38356,https://avatars.githubusercontent.com/u/58276?v=4,https://gitstar-ranking.com/tomnomnom
383,asmvik,38236,https://avatars.githubusercontent.com/u/6175959?v=3,https://gitstar-ranking.com/asmvik
384,GorvGoyl,38230,https://avatars.githubusercontent.com/u/7106086?v=3,https://gitstar-ranking.com/GorvGoyl
385,drduh,38222,https://avatars.githubusercontent.com/u/12475110?v=4,https://gitstar-ranking.com/drduh
386,zhaoxuya520,38199,https://avatars.githubusercontent.com/u/147215175?v=4,https://gitstar-ranking.com/zhaoxuya520
386,satwikkansal,38199,https://avatars.githubusercontent.com/u/10217535?v=3,https://gitstar-ranking.com/satwikkansal
388,camenduru,38068,https://avatars.githubusercontent.com/u/54370274?v=4,https://gitstar-ranking.com/camenduru
389,AlexsJones,38053,https://avatars.githubusercontent.com/u/1235925?v=3,https://gitstar-ranking.com/AlexsJones
390,blakeblackshear,38023,https://avatars.githubusercontent.com/u/569905?v=3,https://gitstar-ranking.com/blakeblackshear
391,casey,37992,https://avatars.githubusercontent.com/u/1945?v=4,https://gitstar-ranking.com/casey
392,gajus,37977,https://avatars.githubusercontent.com/u/973543?v=3,https://gitstar-ranking.com/gajus
393,musistudio,37963,https://avatars.githubusercontent.com/u/21162426?v=4,https://gitstar-ranking.com/musistudio
394,lizongying,37890,https://avatars.githubusercontent.com/u/16871545?v=4,https://gitstar-ranking.com/lizongying
395,johnpapa,37885,https://avatars.githubusercontent.com/u/1202528?v=3,https://gitstar-ranking.com/johnpapa
396,alan2207,37878,https://avatars.githubusercontent.com/u/12713315?v=4,https://gitstar-ranking.com/alan2207
397,Binaryify,37837,https://avatars2.githubusercontent.com/u/12221718?v=3,https://gitstar-ranking.com/Binaryify
398,antonmedv,37791,https://avatars.githubusercontent.com/u/141232?v=4,https://gitstar-ranking.com/antonmedv
399,thangchung,37771,https://avatars.githubusercontent.com/u/422341?v=3,https://gitstar-ranking.com/thangchung
400,caolan,37667,https://avatars.githubusercontent.com/u/5274?v=4,https://gitstar-ranking.com/caolan
401,esengine,37653,https://avatars.githubusercontent.com/u/18465053?v=4,https://gitstar-ranking.com/esengine
402,ranaroussi,37636,https://avatars.githubusercontent.com/u/1185458?v=3,https://gitstar-ranking.com/ranaroussi
403,be5invis,37543,https://avatars.githubusercontent.com/u/240091?v=3,https://gitstar-ranking.com/be5invis
404,yeasy,37505,https://avatars.githubusercontent.com/u/1920564?v=3,https://gitstar-ranking.com/yeasy
405,muesli,37465,https://avatars.githubusercontent.com/u/146378?v=4,https://gitstar-ranking.com/muesli
406,eugenp,37382,https://avatars.githubusercontent.com/u/1022859?v=3,https://gitstar-ranking.com/eugenp
407,xuxueli,37332,https://avatars0.githubusercontent.com/u/10633817?v=4,https://gitstar-ranking.com/xuxueli
408,defunkt,37327,https://avatars.githubusercontent.com/u/2?v=4,https://gitstar-ranking.com/defunkt
409,dimsemenov,37182,https://avatars.githubusercontent.com/u/1061115?v=3,https://gitstar-ranking.com/dimsemenov
410,chrisbanes,37159,https://avatars.githubusercontent.com/u/227486?v=3,https://gitstar-ranking.com/chrisbanes
411,veggiemonk,37142,https://avatars.githubusercontent.com/u/5487021?v=3,https://gitstar-ranking.com/veggiemonk
412,babysor,37057,https://avatars.githubusercontent.com/u/7423248?v=3,https://gitstar-ranking.com/babysor
413,ascoders,37009,https://avatars.githubusercontent.com/u/7970947?v=3,https://gitstar-ranking.com/ascoders
414,herrbischoff,36980,https://avatars.githubusercontent.com/u/8957346?v=3,https://gitstar-ranking.com/herrbischoff
415,emilk,36859,https://avatars.githubusercontent.com/u/1148717?v=3,https://gitstar-ranking.com/emilk
416,fchollet,36849,https://avatars.githubusercontent.com/u/710255?v=3,https://gitstar-ranking.com/fchollet
417,qianguyihao,36809,https://avatars.githubusercontent.com/u/8827896?v=3,https://gitstar-ranking.com/qianguyihao
418,shuding,36802,https://avatars.githubusercontent.com/u/3676859?v=3,https://gitstar-ranking.com/shuding
419,binwiederhier,36801,https://avatars.githubusercontent.com/u/664597?v=3,https://gitstar-ranking.com/binwiederhier
420,valinet,36650,https://avatars.githubusercontent.com/u/6503598?v=3,https://gitstar-ranking.com/valinet
421,the1812,36508,https://avatars.githubusercontent.com/u/26504152?v=4,https://gitstar-ranking.com/the1812
422,jart,36423,https://avatars.githubusercontent.com/u/49262?v=4,https://gitstar-ranking.com/jart
423,zhongyi-tong,36398,https://avatars.githubusercontent.com/u/7262715?v=3,https://gitstar-ranking.com/zhongyi-tong
424,fxsjy,36342,https://avatars.githubusercontent.com/u/167837?v=4,https://gitstar-ranking.com/fxsjy
425,QianMo,36115,https://avatars.githubusercontent.com/u/7830161?v=3,https://gitstar-ranking.com/QianMo
426,jxnblk,36073,https://avatars.githubusercontent.com/u/3451712?v=3,https://gitstar-ranking.com/jxnblk
427,geekcomputers,36013,https://avatars.githubusercontent.com/u/1170130?v=3,https://gitstar-ranking.com/geekcomputers
428,JohnSundell,35992,https://avatars.githubusercontent.com/u/2466701?v=3,https://gitstar-ranking.com/JohnSundell
429,ssloy,35905,https://avatars.githubusercontent.com/u/1029298?v=3,https://gitstar-ranking.com/ssloy
430,ryanhanwu,35904,https://avatars.githubusercontent.com/u/371111?v=3,https://gitstar-ranking.com/ryanhanwu
431,Dimillian,35797,https://avatars.githubusercontent.com/u/535509?v=3,https://gitstar-ranking.com/Dimillian
432,orhun,35739,https://avatars.githubusercontent.com/u/24392180?v=4,https://gitstar-ranking.com/orhun
433,surmon-china,35642,https://avatars1.githubusercontent.com/u/14019524?v=4,https://gitstar-ranking.com/surmon-china
434,kdeldycke,35571,https://avatars.githubusercontent.com/u/159718?v=4,https://gitstar-ranking.com/kdeldycke
435,clauderic,35552,https://avatars.githubusercontent.com/u/1416436?v=3,https://gitstar-ranking.com/clauderic
436,afshinea,35504,https://avatars.githubusercontent.com/u/26204670?v=4,https://gitstar-ranking.com/afshinea
437,jcjohnson,35476,https://avatars.githubusercontent.com/u/2718714?v=3,https://gitstar-ranking.com/jcjohnson
438,mxgmn,35454,https://avatars0.githubusercontent.com/u/14931730?v=4,https://gitstar-ranking.com/mxgmn
439,lyogavin,35427,https://avatars.githubusercontent.com/u/1113905?v=3,https://gitstar-ranking.com/lyogavin
440,rxi,35387,https://avatars.githubusercontent.com/u/3920290?v=3,https://gitstar-ranking.com/rxi
441,SebLague,35361,https://avatars.githubusercontent.com/u/4266663?v=3,https://gitstar-ranking.com/SebLague
442,nicolargo,35348,https://avatars.githubusercontent.com/u/776747?v=3,https://gitstar-ranking.com/nicolargo
443,nothings,35335,https://avatars.githubusercontent.com/u/7525026?v=3,https://gitstar-ranking.com/nothings
444,in28minutes,35179,https://avatars.githubusercontent.com/u/14139137?v=4,https://gitstar-ranking.com/in28minutes
445,dwmkerr,35060,https://avatars.githubusercontent.com/u/1926984?v=3,https://gitstar-ranking.com/dwmkerr
446,lovell,35044,https://avatars.githubusercontent.com/u/210965?v=3,https://gitstar-ranking.com/lovell
447,MengTo,35029,https://avatars.githubusercontent.com/u/1065452?v=3,https://gitstar-ranking.com/MengTo
448,qishibo,34987,https://avatars.githubusercontent.com/u/5136418?v=3,https://gitstar-ranking.com/qishibo
449,acdlite,34975,https://avatars.githubusercontent.com/u/3624098?v=3,https://gitstar-ranking.com/acdlite
450,insidegui,34960,https://avatars.githubusercontent.com/u/67184?v=4,https://gitstar-ranking.com/insidegui
451,brendangregg,34939,https://avatars.githubusercontent.com/u/1101211?v=3,https://gitstar-ranking.com/brendangregg
452,dgtlmoon,34916,https://avatars.githubusercontent.com/u/275001?v=3,https://gitstar-ranking.com/dgtlmoon
453,niklasvh,34914,https://avatars.githubusercontent.com/u/551347?v=3,https://gitstar-ranking.com/niklasvh
454,abiosoft,34901,https://avatars.githubusercontent.com/u/240448?v=3,https://gitstar-ranking.com/abiosoft
455,valyala,34886,https://avatars.githubusercontent.com/u/283442?v=3,https://gitstar-ranking.com/valyala
456,nagadomi,34814,https://avatars.githubusercontent.com/u/287255?v=3,https://gitstar-ranking.com/nagadomi
457,desandro,34794,https://avatars.githubusercontent.com/u/85566?v=4,https://gitstar-ranking.com/desandro
458,opa334,34769,https://avatars.githubusercontent.com/u/18235760?v=4,https://gitstar-ranking.com/opa334
459,pcottle,34543,https://avatars.githubusercontent.com/u/1135007?v=3,https://gitstar-ranking.com/pcottle
460,testerSunshine,34538,https://avatars.githubusercontent.com/u/20162049?v=4,https://gitstar-ranking.com/testerSunshine
461,sundowndev,34496,https://avatars.githubusercontent.com/u/16480203?v=4,https://gitstar-ranking.com/sundowndev
462,xkcoding,34483,https://avatars2.githubusercontent.com/u/10429917?v=4,https://gitstar-ranking.com/xkcoding
463,JimLiu,34469,https://avatars.githubusercontent.com/u/648674?v=3,https://gitstar-ranking.com/JimLiu
464,ValdikSS,34419,https://avatars.githubusercontent.com/u/3054729?v=3,https://gitstar-ranking.com/ValdikSS
465,josdejong,34415,https://avatars.githubusercontent.com/u/568626?v=3,https://gitstar-ranking.com/josdejong
466,IanLunn,34401,https://avatars.githubusercontent.com/u/694641?v=3,https://gitstar-ranking.com/IanLunn
467,yihong0618,34250,https://avatars.githubusercontent.com/u/15976103?v=4,https://gitstar-ranking.com/yihong0618
468,78,34221,https://avatars.githubusercontent.com/u/4488133?v=3,https://gitstar-ranking.com/78
469,JessYanCoding,34204,https://avatars2.githubusercontent.com/u/15711968?v=4,https://gitstar-ranking.com/JessYanCoding
470,phoboslab,34175,https://avatars.githubusercontent.com/u/443987?v=3,https://gitstar-ranking.com/phoboslab
471,Kludex,34082,https://avatars.githubusercontent.com/u/7353520?v=3,https://gitstar-ranking.com/Kludex
472,feross,34080,https://avatars.githubusercontent.com/u/121766?v=4,https://gitstar-ranking.com/feross
473,bayandin,34070,https://avatars.githubusercontent.com/u/864213?v=3,https://gitstar-ranking.com/bayandin
474,lutzroeder,34017,https://avatars.githubusercontent.com/u/438516?v=3,https://gitstar-ranking.com/lutzroeder
475,chenfei-wu,33995,https://avatars.githubusercontent.com/u/17916698?v=4,https://gitstar-ranking.com/chenfei-wu
476,fuzhengwei,33843,https://avatars.githubusercontent.com/u/3761578?v=3,https://gitstar-ranking.com/fuzhengwei
477,rs,33828,https://avatars.githubusercontent.com/u/68232?v=4,https://gitstar-ranking.com/rs
478,netease-youdao,33810,https://avatars.githubusercontent.com/u/3909232?v=3,https://gitstar-ranking.com/netease-youdao
479,dandavison,33719,https://avatars.githubusercontent.com/u/52205?v=4,https://gitstar-ranking.com/dandavison
480,sunface,33627,https://avatars.githubusercontent.com/u/7036754?v=3,https://gitstar-ranking.com/sunface
481,rothgar,33569,https://avatars.githubusercontent.com/u/371796?v=3,https://gitstar-ranking.com/rothgar
482,maboloshi,33549,https://avatars.githubusercontent.com/u/7850715?v=3,https://gitstar-ranking.com/maboloshi
483,nashsu,33492,https://avatars.githubusercontent.com/u/2127280?v=3,https://gitstar-ranking.com/nashsu
484,sirupsen,33482,https://avatars.githubusercontent.com/u/97400?v=4,https://gitstar-ranking.com/sirupsen
485,barry-ran,33453,https://avatars.githubusercontent.com/u/18702692?v=4,https://gitstar-ranking.com/barry-ran
486,CamDavidsonPilon,33407,https://avatars.githubusercontent.com/u/884032?v=3,https://gitstar-ranking.com/CamDavidsonPilon
487,gildas-lormeau,33406,https://avatars.githubusercontent.com/u/396787?v=3,https://gitstar-ranking.com/gildas-lormeau
488,kunchenguid,33401,https://avatars.githubusercontent.com/u/3233006?v=3,https://gitstar-ranking.com/kunchenguid
489,mqyqingfeng,33347,https://avatars3.githubusercontent.com/u/11458263?v=4,https://gitstar-ranking.com/mqyqingfeng
490,mholt,33300,https://avatars.githubusercontent.com/u/1128849?v=3,https://gitstar-ranking.com/mholt
491,jonasschmedtmann,33252,https://avatars.githubusercontent.com/u/18718850?v=4,https://gitstar-ranking.com/jonasschmedtmann
492,AtsushiSakai,33139,https://avatars.githubusercontent.com/u/3813847?v=3,https://gitstar-ranking.com/AtsushiSakai
493,ahujasid,33111,https://avatars.githubusercontent.com/u/11807284?v=4,https://gitstar-ranking.com/ahujasid
494,nikivdev,33048,https://avatars.githubusercontent.com/u/6391776?v=3,https://gitstar-ranking.com/nikivdev
495,mikepenz,33037,https://avatars.githubusercontent.com/u/1476232?v=3,https://gitstar-ranking.com/mikepenz
496,fzaninotto,32989,https://avatars.githubusercontent.com/u/99944?v=4,https://gitstar-ranking.com/fzaninotto
497,cfenollosa,32904,https://avatars.githubusercontent.com/u/2249551?v=3,https://gitstar-ranking.com/cfenollosa
498,virgiliojr94,32897,https://avatars.githubusercontent.com/u/23645449?v=4,https://gitstar-ranking.com/virgiliojr94
499,ziadoz,32818,https://avatars.githubusercontent.com/u/645637?v=3,https://gitstar-ranking.com/ziadoz
500,amix,32752,https://avatars.githubusercontent.com/u/184462?v=4,https://gitstar-ranking.com/amix
501,cjpais,32650,https://avatars.githubusercontent.com/u/1559480?v=3,https://gitstar-ranking.com/cjpais
502,ariya,32577,https://avatars.githubusercontent.com/u/7288?v=4,https://gitstar-ranking.com/ariya
503,krzysztofzablocki,32564,https://avatars.githubusercontent.com/u/1468993?v=3,https://gitstar-ranking.com/krzysztofzablocki
504,iawia002,32553,https://avatars.githubusercontent.com/u/9134003?v=3,https://gitstar-ranking.com/iawia002
505,pomber,32513,https://avatars.githubusercontent.com/u/1911623?v=3,https://gitstar-ranking.com/pomber
506,davila7,32439,https://avatars.githubusercontent.com/u/6216945?v=3,https://gitstar-ranking.com/davila7
507,Anuken,32425,https://avatars.githubusercontent.com/u/10100000?v=3,https://gitstar-ranking.com/Anuken
508,lbjlaq,32393,https://avatars.githubusercontent.com/u/22748003?v=4,https://gitstar-ranking.com/lbjlaq
509,philipwalton,32278,https://avatars.githubusercontent.com/u/326742?v=3,https://gitstar-ranking.com/philipwalton
510,free-nodes,32252,https://avatars.githubusercontent.com/u/1791911?v=3,https://gitstar-ranking.com/free-nodes
511,onmyway133,32237,https://avatars.githubusercontent.com/u/2284279?v=3,https://gitstar-ranking.com/onmyway133
512,linexjlin,32230,https://avatars.githubusercontent.com/u/3595733?v=3,https://gitstar-ranking.com/linexjlin
513,samyk,32196,https://avatars.githubusercontent.com/u/411832?v=3,https://gitstar-ranking.com/samyk
514,gcanti,32170,https://avatars.githubusercontent.com/u/878912?v=3,https://gitstar-ranking.com/gcanti
515,Shougo,32141,https://avatars.githubusercontent.com/u/41495?v=4,https://gitstar-ranking.com/Shougo
516,ogham,32026,https://avatars.githubusercontent.com/u/503760?v=3,https://gitstar-ranking.com/ogham
517,Wilfred,32007,https://avatars.githubusercontent.com/u/70800?v=4,https://gitstar-ranking.com/Wilfred
518,rhysd,31996,https://avatars.githubusercontent.com/u/823277?v=3,https://gitstar-ranking.com/rhysd
519,haoel,31958,https://avatars.githubusercontent.com/u/1014558?v=3,https://gitstar-ranking.com/haoel
520,norvig,31947,https://avatars.githubusercontent.com/u/4370220?v=3,https://gitstar-ranking.com/norvig
521,ekzhang,31944,https://avatars.githubusercontent.com/u/7550632?v=3,https://gitstar-ranking.com/ekzhang
522,koush,31903,https://avatars.githubusercontent.com/u/73924?v=4,https://gitstar-ranking.com/koush
523,miloyip,31882,https://avatars.githubusercontent.com/u/1195774?v=3,https://gitstar-ranking.com/miloyip
524,Chanzhaoyu,31814,https://avatars.githubusercontent.com/u/24789441?v=4,https://gitstar-ranking.com/Chanzhaoyu
525,terkelg,31730,https://avatars.githubusercontent.com/u/2302254?v=3,https://gitstar-ranking.com/terkelg
526,kenwheeler,31727,https://avatars.githubusercontent.com/u/286616?v=3,https://gitstar-ranking.com/kenwheeler
527,nvie,31697,https://avatars.githubusercontent.com/u/83844?v=4,https://gitstar-ranking.com/nvie
528,angristan,31667,https://avatars.githubusercontent.com/u/11699655?v=4,https://gitstar-ranking.com/angristan
529,listen1,31615,https://avatars.githubusercontent.com/u/18599108?v=4,https://gitstar-ranking.com/listen1
530,StevenBlack,31613,https://avatars.githubusercontent.com/u/80144?v=4,https://gitstar-ranking.com/StevenBlack
531,imthenachoman,31611,https://avatars.githubusercontent.com/u/83817?v=4,https://gitstar-ranking.com/imthenachoman
532,zhiwehu,31555,https://avatars.githubusercontent.com/u/1313947?v=3,https://gitstar-ranking.com/zhiwehu
533,Pierian-Data,31462,https://avatars.githubusercontent.com/u/16237870?v=4,https://gitstar-ranking.com/Pierian-Data
534,Swordfish90,31364,https://avatars.githubusercontent.com/u/6009070?v=3,https://gitstar-ranking.com/Swordfish90
535,matryer,31356,https://avatars.githubusercontent.com/u/101659?v=4,https://gitstar-ranking.com/matryer
536,posquit0,31325,https://avatars.githubusercontent.com/u/1484002?v=3,https://gitstar-ranking.com/posquit0
537,hasherezade,31237,https://avatars.githubusercontent.com/u/3115348?v=3,https://gitstar-ranking.com/hasherezade
538,barryvdh,31175,https://avatars.githubusercontent.com/u/973269?v=3,https://gitstar-ranking.com/barryvdh
539,aosabook,31028,https://avatars.githubusercontent.com/u/5631751?v=3,https://gitstar-ranking.com/aosabook
540,afollestad,30928,https://avatars.githubusercontent.com/u/1820165?v=3,https://gitstar-ranking.com/afollestad
541,mhinz,30922,https://avatars.githubusercontent.com/u/972014?v=3,https://gitstar-ranking.com/mhinz
542,judasn,30888,https://avatars.githubusercontent.com/u/2867798?v=3,https://gitstar-ranking.com/judasn
543,joshbuchea,30886,https://avatars.githubusercontent.com/u/1474361?v=3,https://gitstar-ranking.com/joshbuchea
544,WongKinYiu,30865,https://avatars.githubusercontent.com/u/12152972?v=4,https://gitstar-ranking.com/WongKinYiu
545,lukasmasuch,30699,https://avatars.githubusercontent.com/u/2852129?v=4,https://gitstar-ranking.com/lukasmasuch
546,StephenGrider,30689,https://avatars.githubusercontent.com/u/5003903?v=3,https://gitstar-ranking.com/StephenGrider
547,inconshreveable,30688,https://avatars.githubusercontent.com/u/836692?v=3,https://gitstar-ranking.com/inconshreveable
548,cloudwu,30670,https://avatars.githubusercontent.com/u/729648?v=3,https://gitstar-ranking.com/cloudwu
549,overtrue,30656,https://avatars.githubusercontent.com/u/1472352?v=3,https://gitstar-ranking.com/overtrue
550,LaravelDaily,30648,https://avatars.githubusercontent.com/u/15341846?v=4,https://gitstar-ranking.com/LaravelDaily
551,ustbhuangyi,30593,https://avatars.githubusercontent.com/u/5359011?v=3,https://gitstar-ranking.com/ustbhuangyi
552,robertdavidgraham,30541,https://avatars.githubusercontent.com/u/3814757?v=3,https://gitstar-ranking.com/robertdavidgraham
553,assafelovic,30460,https://avatars.githubusercontent.com/u/13554167?v=4,https://gitstar-ranking.com/assafelovic
554,sampotts,30459,https://avatars.githubusercontent.com/u/719092?v=3,https://gitstar-ranking.com/sampotts
555,aFarkas,30439,https://avatars.githubusercontent.com/u/188254?v=4,https://gitstar-ranking.com/aFarkas
556,wilsonfreitas,30393,https://avatars.githubusercontent.com/u/1583922?v=3,https://gitstar-ranking.com/wilsonfreitas
557,paulirish,30313,https://avatars.githubusercontent.com/u/39191?v=4,https://gitstar-ranking.com/paulirish
558,emmabostian,30292,https://avatars.githubusercontent.com/u/7671983?v=3,https://gitstar-ranking.com/emmabostian
559,VincentGarreau,30271,https://avatars.githubusercontent.com/u/961898?v=3,https://gitstar-ranking.com/VincentGarreau
560,rxhanson,30265,https://avatars.githubusercontent.com/u/13651296?v=4,https://gitstar-ranking.com/rxhanson
561,luong-komorebi,30250,https://avatars2.githubusercontent.com/u/15828926?v=4,https://gitstar-ranking.com/luong-komorebi
562,benawad,30247,https://avatars.githubusercontent.com/u/7872329?v=3,https://gitstar-ranking.com/benawad
563,tmrts,30206,https://avatars.githubusercontent.com/u/5067495?v=3,https://gitstar-ranking.com/tmrts
564,MichaelCade,30205,https://avatars.githubusercontent.com/u/11822323?v=4,https://gitstar-ranking.com/MichaelCade
565,ChenYilong,30193,https://avatars.githubusercontent.com/u/2911921?v=3,https://gitstar-ranking.com/ChenYilong
566,michalsnik,30149,https://avatars.githubusercontent.com/u/4093559?v=3,https://gitstar-ranking.com/michalsnik
567,DrKLO,30139,https://avatars.githubusercontent.com/u/69369?v=4,https://gitstar-ranking.com/DrKLO
568,Molunerfinn,30114,https://avatars2.githubusercontent.com/u/12621342?v=4,https://gitstar-ranking.com/Molunerfinn
569,imDazui,30085,https://avatars.githubusercontent.com/u/53277?v=4,https://gitstar-ranking.com/imDazui
570,gustavoguanabara,29966,https://avatars.githubusercontent.com/u/8683378?v=3,https://gitstar-ranking.com/gustavoguanabara
571,qiurunze123,29946,https://avatars.githubusercontent.com/u/22807361?v=4,https://gitstar-ranking.com/qiurunze123
572,Rich-Harris,29875,https://avatars.githubusercontent.com/u/1162160?v=3,https://gitstar-ranking.com/Rich-Harris
573,paulmillr,29835,https://avatars.githubusercontent.com/u/574696?v=3,https://gitstar-ranking.com/paulmillr
574,wangshub,29782,https://avatars0.githubusercontent.com/u/20924010?v=4,https://gitstar-ranking.com/wangshub
575,littlecodersh,29731,https://avatars.githubusercontent.com/u/13028340?v=4,https://gitstar-ranking.com/littlecodersh
576,ForrestKnight,29666,https://avatars.githubusercontent.com/u/15620553?v=4,https://gitstar-ranking.com/ForrestKnight
577,shibing624,29661,https://avatars.githubusercontent.com/u/10249622?v=3,https://gitstar-ranking.com/shibing624
578,marcuswestin,29660,https://avatars.githubusercontent.com/u/131967?v=4,https://gitstar-ranking.com/marcuswestin
579,tholman,29640,https://avatars.githubusercontent.com/u/794999?v=3,https://gitstar-ranking.com/tholman
580,gabime,29631,https://avatars.githubusercontent.com/u/6052198?v=3,https://gitstar-ranking.com/gabime
581,alecthomas,29622,https://avatars.githubusercontent.com/u/41767?v=4,https://gitstar-ranking.com/alecthomas
582,k4m4,29574,https://avatars.githubusercontent.com/u/8945656?v=3,https://gitstar-ranking.com/k4m4
583,cubiq,29521,https://avatars.githubusercontent.com/u/427614?v=3,https://gitstar-ranking.com/cubiq
584,lukehoban,29518,https://avatars.githubusercontent.com/u/223467?v=3,https://gitstar-ranking.com/lukehoban
585,alirezarezvani,29463,https://avatars.githubusercontent.com/u/5697919?v=3,https://gitstar-ranking.com/alirezarezvani
586,benedekrozemberczki,29450,https://avatars1.githubusercontent.com/u/17380887?v=4,https://gitstar-ranking.com/benedekrozemberczki
587,jbhuang0604,29446,https://avatars.githubusercontent.com/u/987204?v=3,https://gitstar-ranking.com/jbhuang0604
588,byt3bl33d3r,29433,https://avatars.githubusercontent.com/u/5151193?v=3,https://gitstar-ranking.com/byt3bl33d3r
589,klaudiosinani,29366,https://avatars.githubusercontent.com/u/12670537?v=4,https://gitstar-ranking.com/klaudiosinani
590,Perfare,29347,https://avatars.githubusercontent.com/u/12952226?v=4,https://gitstar-ranking.com/Perfare
591,ChristosChristofidis,29326,https://avatars.githubusercontent.com/u/7767579?v=3,https://gitstar-ranking.com/ChristosChristofidis
592,viatsko,29271,https://avatars.githubusercontent.com/u/376065?v=3,https://gitstar-ranking.com/viatsko
593,Ebazhanov,29246,https://avatars.githubusercontent.com/u/13170022?v=4,https://gitstar-ranking.com/Ebazhanov
594,sqshq,29221,https://avatars.githubusercontent.com/u/6069066?v=3,https://gitstar-ranking.com/sqshq
595,JanDeDobbeleer,29197,https://avatars.githubusercontent.com/u/2492783?v=3,https://gitstar-ranking.com/JanDeDobbeleer
596,pedronauck,29181,https://avatars.githubusercontent.com/u/2029172?v=3,https://gitstar-ranking.com/pedronauck
597,viraptor,29171,https://avatars.githubusercontent.com/u/188063?v=4,https://gitstar-ranking.com/viraptor
598,jeromeetienne,29165,https://avatars.githubusercontent.com/u/252962?v=3,https://gitstar-ranking.com/jeromeetienne
599,yamadashy,29086,https://avatars.githubusercontent.com/u/5019072?v=3,https://gitstar-ranking.com/yamadashy
600,wesm,29007,https://avatars.githubusercontent.com/u/329591?v=3,https://gitstar-ranking.com/wesm
601,ZuzooVn,28992,https://avatars.githubusercontent.com/u/1429230?v=3,https://gitstar-ranking.com/ZuzooVn
602,wuyouzhuguli,28963,https://avatars.githubusercontent.com/u/16661027?v=4,https://gitstar-ranking.com/wuyouzhuguli
603,fanmingming,28900,https://avatars.githubusercontent.com/u/4993993?v=3,https://gitstar-ranking.com/fanmingming
604,markerikson,28895,https://avatars.githubusercontent.com/u/1128784?v=3,https://gitstar-ranking.com/markerikson
605,madrobby,28763,https://avatars.githubusercontent.com/u/3390?v=4,https://gitstar-ranking.com/madrobby
606,BradLarson,28677,https://avatars.githubusercontent.com/u/954279?v=3,https://gitstar-ranking.com/BradLarson
607,mahmoud,28670,https://avatars.githubusercontent.com/u/130193?v=4,https://gitstar-ranking.com/mahmoud
608,kataras,28642,https://avatars.githubusercontent.com/u/22900943?v=4,https://gitstar-ranking.com/kataras
609,ggreer,28632,https://avatars.githubusercontent.com/u/200121?v=4,https://gitstar-ranking.com/ggreer
610,hemanth,28593,https://avatars.githubusercontent.com/u/18315?v=4,https://gitstar-ranking.com/hemanth
611,appleboy,28567,https://avatars.githubusercontent.com/u/21979?v=4,https://gitstar-ranking.com/appleboy
612,careercup,28563,https://avatars.githubusercontent.com/u/672206?v=3,https://gitstar-ranking.com/careercup
613,pubkey,28512,https://avatars.githubusercontent.com/u/8926560?v=3,https://gitstar-ranking.com/pubkey
614,FredKSchott,28416,https://avatars.githubusercontent.com/u/622227?v=3,https://gitstar-ranking.com/FredKSchott
615,chai2010,28410,https://avatars.githubusercontent.com/u/2295542?v=3,https://gitstar-ranking.com/chai2010
616,krasimir,28402,https://avatars.githubusercontent.com/u/528677?v=3,https://gitstar-ranking.com/krasimir
617,iamshaunjp,28385,https://avatars.githubusercontent.com/u/9838872?v=3,https://gitstar-ranking.com/iamshaunjp
618,P3TERX,28347,https://avatars.githubusercontent.com/u/25927179?v=4,https://gitstar-ranking.com/P3TERX
619,jorgebucaran,28334,https://avatars.githubusercontent.com/u/56996?v=4,https://gitstar-ranking.com/jorgebucaran
620,smallnest,28331,https://avatars.githubusercontent.com/u/865763?v=3,https://gitstar-ranking.com/smallnest
621,squidfunk,28303,https://avatars.githubusercontent.com/u/932156?v=3,https://gitstar-ranking.com/squidfunk
622,blackmatrix7,28201,https://avatars.githubusercontent.com/u/27717518?v=4,https://gitstar-ranking.com/blackmatrix7
623,leereilly,28199,https://avatars.githubusercontent.com/u/121322?v=4,https://gitstar-ranking.com/leereilly
624,adi1090x,28195,https://avatars.githubusercontent.com/u/26059688?v=4,https://gitstar-ranking.com/adi1090x
625,pppscn,28159,https://avatars.githubusercontent.com/u/5105854?v=3,https://gitstar-ranking.com/pppscn
626,walter201230,28143,https://avatars.githubusercontent.com/u/12378130?v=4,https://gitstar-ranking.com/walter201230
627,opendigg,28142,https://avatars.githubusercontent.com/u/23257329?v=4,https://gitstar-ranking.com/opendigg
628,eyaltoledano,28140,https://avatars.githubusercontent.com/u/3160046?v=3,https://gitstar-ranking.com/eyaltoledano
629,Schniz,28128,https://avatars.githubusercontent.com/u/2054772?v=3,https://gitstar-ranking.com/Schniz
630,oldj,28093,https://avatars.githubusercontent.com/u/416130?v=3,https://gitstar-ranking.com/oldj
631,jquense,28079,https://avatars.githubusercontent.com/u/339286?v=3,https://gitstar-ranking.com/jquense
632,privatenumber,28066,https://avatars.githubusercontent.com/u/1075694?v=3,https://gitstar-ranking.com/privatenumber
633,serengil,27962,https://avatars.githubusercontent.com/u/18491038?v=4,https://gitstar-ranking.com/serengil
634,AlexxIT,27933,https://avatars.githubusercontent.com/u/511909?v=3,https://gitstar-ranking.com/AlexxIT
635,pjreddie,27926,https://avatars.githubusercontent.com/u/302108?v=3,https://gitstar-ranking.com/pjreddie
636,fouber,27920,https://avatars.githubusercontent.com/u/536297?v=3,https://gitstar-ranking.com/fouber
637,joewalnes,27869,https://avatars.githubusercontent.com/u/48950?v=4,https://gitstar-ranking.com/joewalnes
638,philc,27865,https://avatars.githubusercontent.com/u/8598?v=4,https://gitstar-ranking.com/philc
639,NickeManarin,27860,https://avatars.githubusercontent.com/u/14798947?v=4,https://gitstar-ranking.com/NickeManarin
640,anishathalye,27813,https://avatars.githubusercontent.com/u/3526486?v=3,https://gitstar-ranking.com/anishathalye
641,mitsuhiko,27806,https://avatars.githubusercontent.com/u/7396?v=4,https://gitstar-ranking.com/mitsuhiko
642,coleifer,27760,https://avatars.githubusercontent.com/u/119974?v=4,https://gitstar-ranking.com/coleifer
643,scwang90,27756,https://avatars.githubusercontent.com/u/11567071?v=4,https://gitstar-ranking.com/scwang90
644,crazycodeboy,27732,https://avatars.githubusercontent.com/u/8716595?v=3,https://gitstar-ranking.com/crazycodeboy
645,sczhou,27679,https://avatars.githubusercontent.com/u/14334509?v=4,https://gitstar-ranking.com/sczhou
646,hustcc,27677,https://avatars.githubusercontent.com/u/7856674?v=3,https://gitstar-ranking.com/hustcc
647,changkun,27658,https://avatars.githubusercontent.com/u/5498964?v=3,https://gitstar-ranking.com/changkun
648,scottbez1,27630,https://avatars.githubusercontent.com/u/414890?v=3,https://gitstar-ranking.com/scottbez1
649,henrygd,27620,https://avatars.githubusercontent.com/u/8519632?v=3,https://gitstar-ranking.com/henrygd
650,KurtBestor,27595,https://avatars.githubusercontent.com/u/14768120?v=4,https://gitstar-ranking.com/KurtBestor
651,benbjohnson,27571,https://avatars.githubusercontent.com/u/118015?v=4,https://gitstar-ranking.com/benbjohnson
652,houshanren,27540,https://avatars.githubusercontent.com/u/6621875?v=3,https://gitstar-ranking.com/houshanren
653,brightmart,27522,https://avatars.githubusercontent.com/u/19634224?v=4,https://gitstar-ranking.com/brightmart
653,nikic,27522,https://avatars.githubusercontent.com/u/216080?v=3,https://gitstar-ranking.com/nikic
655,dragen1860,27518,https://avatars.githubusercontent.com/u/4252555?v=3,https://gitstar-ranking.com/dragen1860
656,thomaspark,27509,https://avatars.githubusercontent.com/u/900407?v=3,https://gitstar-ranking.com/thomaspark
657,matteocrippa,27488,https://avatars.githubusercontent.com/u/475463?v=3,https://gitstar-ranking.com/matteocrippa
658,bingoogolapple,27354,https://avatars.githubusercontent.com/u/8949716?v=3,https://gitstar-ranking.com/bingoogolapple
659,agarrharr,27326,https://avatars.githubusercontent.com/u/3266363?v=3,https://gitstar-ranking.com/agarrharr
660,terryum,27263,https://avatars3.githubusercontent.com/u/12528769?v=4,https://gitstar-ranking.com/terryum
661,thedevdojo,27256,https://avatars.githubusercontent.com/u/3056664?v=3,https://gitstar-ranking.com/thedevdojo
662,conwnet,27252,https://avatars.githubusercontent.com/u/17734694?v=4,https://gitstar-ranking.com/conwnet
663,mbadolato,27224,https://avatars.githubusercontent.com/u/164615?v=4,https://gitstar-ranking.com/mbadolato
664,4ian,27219,https://avatars.githubusercontent.com/u/1280130?v=3,https://gitstar-ranking.com/4ian
665,Igglybuff,27154,https://avatars.githubusercontent.com/u/8899226?v=3,https://gitstar-ranking.com/Igglybuff
666,jonschlinkert,27131,https://avatars.githubusercontent.com/u/383994?v=3,https://gitstar-ranking.com/jonschlinkert
667,SamyPesse,27124,https://avatars.githubusercontent.com/u/845425?v=3,https://gitstar-ranking.com/SamyPesse
668,robbiehanson,27044,https://avatars.githubusercontent.com/u/304604?v=3,https://gitstar-ranking.com/robbiehanson
669,AllenDowney,27028,https://avatars.githubusercontent.com/u/1882093?v=3,https://gitstar-ranking.com/AllenDowney
670,goldfire,26964,https://avatars.githubusercontent.com/u/882005?v=3,https://gitstar-ranking.com/goldfire
671,c0re100,26949,https://avatars.githubusercontent.com/u/5726473?v=3,https://gitstar-ranking.com/c0re100
672,jasontaylordev,26886,https://avatars.githubusercontent.com/u/1988321?v=3,https://gitstar-ranking.com/jasontaylordev
673,camsong,26836,https://avatars.githubusercontent.com/u/948896?v=3,https://gitstar-ranking.com/camsong
674,gpakosz,26764,https://avatars.githubusercontent.com/u/553208?v=3,https://gitstar-ranking.com/gpakosz
675,sigoden,26758,https://avatars.githubusercontent.com/u/4012553?v=3,https://gitstar-ranking.com/sigoden
676,igrigorik,26753,https://avatars.githubusercontent.com/u/10652?v=4,https://gitstar-ranking.com/igrigorik
677,swyxio,26745,https://avatars.githubusercontent.com/u/6764957?v=3,https://gitstar-ranking.com/swyxio
678,ellisonleao,26721,https://avatars.githubusercontent.com/u/178641?v=4,https://gitstar-ranking.com/ellisonleao
679,chjj,26711,https://avatars.githubusercontent.com/u/470564?v=3,https://gitstar-ranking.com/chjj
680,petehunt,26704,https://avatars.githubusercontent.com/u/239742?v=3,https://gitstar-ranking.com/petehunt
681,davideuler,26687,https://avatars.githubusercontent.com/u/377983?v=3,https://gitstar-ranking.com/davideuler
682,WebReflection,26683,https://avatars.githubusercontent.com/u/85749?v=4,https://gitstar-ranking.com/WebReflection
683,graykode,26657,https://avatars.githubusercontent.com/u/10525011?v=4,https://gitstar-ranking.com/graykode
684,walkor,26651,https://avatars.githubusercontent.com/u/6073368?v=3,https://gitstar-ranking.com/walkor
685,ujjwalkarn,26646,https://avatars.githubusercontent.com/u/5948390?v=3,https://gitstar-ranking.com/ujjwalkarn
686,Vonng,26625,https://avatars.githubusercontent.com/u/8587410?v=3,https://gitstar-ranking.com/Vonng
687,muaz-khan,26616,https://avatars.githubusercontent.com/u/477092?v=3,https://gitstar-ranking.com/muaz-khan
688,htr-tech,26563,https://avatars3.githubusercontent.com/u/56682134?v=4,https://gitstar-ranking.com/htr-tech
689,janishar,26447,https://avatars.githubusercontent.com/u/11065002?v=4,https://gitstar-ranking.com/janishar
690,ggerganov,26427,https://avatars.githubusercontent.com/u/1991296?v=3,https://gitstar-ranking.com/ggerganov
691,skeeto,26414,https://avatars.githubusercontent.com/u/29988?v=4,https://gitstar-ranking.com/skeeto
692,tsenart,26408,https://avatars.githubusercontent.com/u/67471?v=4,https://gitstar-ranking.com/tsenart
693,danielgatis,26394,https://avatars.githubusercontent.com/u/7380?v=4,https://gitstar-ranking.com/danielgatis
694,eligrey,26377,https://avatars.githubusercontent.com/u/46995?v=4,https://gitstar-ranking.com/eligrey
695,wkentaro,26368,https://avatars.githubusercontent.com/u/4310419?v=3,https://gitstar-ranking.com/wkentaro
696,alexpate,26317,https://avatars.githubusercontent.com/u/3749759?v=3,https://gitstar-ranking.com/alexpate
697,patriciogonzalezvivo,26281,https://avatars.githubusercontent.com/u/346914?v=3,https://gitstar-ranking.com/patriciogonzalezvivo
698,CoderMJLee,26271,https://avatars.githubusercontent.com/u/3817366?v=3,https://gitstar-ranking.com/CoderMJLee
699,soffes,26257,https://avatars.githubusercontent.com/u/52870?v=4,https://gitstar-ranking.com/soffes
700,stefanprodan,26199,https://avatars.githubusercontent.com/u/3797675?v=3,https://gitstar-ranking.com/stefanprodan
701,liguodongiot,26197,https://avatars.githubusercontent.com/u/13220186?v=4,https://gitstar-ranking.com/liguodongiot
702,dunwu,26168,https://avatars3.githubusercontent.com/u/19661255?v=4,https://gitstar-ranking.com/dunwu
703,panjf2000,26147,https://avatars.githubusercontent.com/u/7496278?v=3,https://gitstar-ranking.com/panjf2000
704,ibelick,26076,https://avatars.githubusercontent.com/u/14288396?v=4,https://gitstar-ranking.com/ibelick
705,kholia,26058,https://avatars.githubusercontent.com/u/79528?v=4,https://gitstar-ranking.com/kholia
706,iBotPeaches,26045,https://avatars.githubusercontent.com/u/611784?v=3,https://gitstar-ranking.com/iBotPeaches
707,hollischuang,26019,https://avatars.githubusercontent.com/u/7971539?v=3,https://gitstar-ranking.com/hollischuang
708,arendst,26015,https://avatars.githubusercontent.com/u/11044339?v=4,https://gitstar-ranking.com/arendst
709,Orbiter,25935,https://avatars.githubusercontent.com/u/238730?v=3,https://gitstar-ranking.com/Orbiter
710,CymChad,25930,https://avatars.githubusercontent.com/u/7698209?v=3,https://gitstar-ranking.com/CymChad
711,dyc87112,25865,https://avatars.githubusercontent.com/u/3391170?v=3,https://gitstar-ranking.com/dyc87112
712,mbeaudru,25853,https://avatars.githubusercontent.com/u/8942633?v=3,https://gitstar-ranking.com/mbeaudru
713,JakeChampion,25851,https://avatars.githubusercontent.com/u/1569131?v=3,https://gitstar-ranking.com/JakeChampion
714,JacksonTian,25850,https://avatars.githubusercontent.com/u/327019?v=3,https://gitstar-ranking.com/JacksonTian
715,Sanster,25786,https://avatars.githubusercontent.com/u/3998421?v=3,https://gitstar-ranking.com/Sanster
716,nswbmw,25755,https://avatars.githubusercontent.com/u/4279697?v=3,https://gitstar-ranking.com/nswbmw
717,shu223,25745,https://avatars.githubusercontent.com/u/587614?v=3,https://gitstar-ranking.com/shu223
718,Seldaek,25736,https://avatars.githubusercontent.com/u/183678?v=4,https://gitstar-ranking.com/Seldaek
719,nesquena,25732,https://avatars.githubusercontent.com/u/6511?v=4,https://gitstar-ranking.com/nesquena
720,1N3,25724,https://avatars.githubusercontent.com/u/7894221?v=3,https://gitstar-ranking.com/1N3
721,nisrulz,25715,https://avatars.githubusercontent.com/u/2096087?v=3,https://gitstar-ranking.com/nisrulz
722,ixartz,25686,https://avatars.githubusercontent.com/u/5209935?v=3,https://gitstar-ranking.com/ixartz
723,tayllan,25668,https://avatars.githubusercontent.com/u/5643498?v=3,https://gitstar-ranking.com/tayllan
724,yanzhenjie,25640,https://avatars2.githubusercontent.com/u/13534988?v=4,https://gitstar-ranking.com/yanzhenjie
725,Nyr,25605,https://avatars.githubusercontent.com/u/739489?v=3,https://gitstar-ranking.com/Nyr
726,jdan,25599,https://avatars.githubusercontent.com/u/287268?v=3,https://gitstar-ranking.com/jdan
727,zloirock,25595,https://avatars.githubusercontent.com/u/2213682?v=3,https://gitstar-ranking.com/zloirock
728,mcxiaoke,25564,https://avatars.githubusercontent.com/u/464330?v=3,https://gitstar-ranking.com/mcxiaoke
729,srush,25508,https://avatars.githubusercontent.com/u/35882?v=4,https://gitstar-ranking.com/srush
730,IonicaBizau,25489,https://avatars.githubusercontent.com/u/2864371?v=3,https://gitstar-ranking.com/IonicaBizau
731,valeriansaliou,25412,https://avatars.githubusercontent.com/u/1451907?v=3,https://gitstar-ranking.com/valeriansaliou
732,firmai,25378,https://avatars2.githubusercontent.com/u/26666267?v=4,https://gitstar-ranking.com/firmai
733,syl20bnr,25355,https://avatars.githubusercontent.com/u/1243537?v=3,https://gitstar-ranking.com/syl20bnr
734,paularmstrong,25305,https://avatars.githubusercontent.com/u/33297?v=4,https://gitstar-ranking.com/paularmstrong
735,cure53,25300,https://avatars.githubusercontent.com/u/6709482?v=3,https://gitstar-ranking.com/cure53
736,gaoxiang12,25219,https://avatars.githubusercontent.com/u/6635511?v=3,https://gitstar-ranking.com/gaoxiang12
737,checkcheckzz,25213,https://avatars.githubusercontent.com/u/5798774?v=3,https://gitstar-ranking.com/checkcheckzz
738,haotian-liu,25155,https://avatars.githubusercontent.com/u/6631389?v=3,https://gitstar-ranking.com/haotian-liu
739,rahuldkjain,25139,https://avatars.githubusercontent.com/u/26406279?v=4,https://gitstar-ranking.com/rahuldkjain
740,waylau,25135,https://avatars.githubusercontent.com/u/3233966?v=3,https://gitstar-ranking.com/waylau
741,TooTallNate,25120,https://avatars.githubusercontent.com/u/71256?v=4,https://gitstar-ranking.com/TooTallNate
742,k4yt3x,25088,https://avatars.githubusercontent.com/u/21986859?v=4,https://gitstar-ranking.com/k4yt3x
743,AlexeyAB,25076,https://avatars.githubusercontent.com/u/4096485?v=3,https://gitstar-ranking.com/AlexeyAB
744,ryanb,25056,https://avatars.githubusercontent.com/u/161?v=4,https://gitstar-ranking.com/ryanb
745,quii,25050,https://avatars.githubusercontent.com/u/631756?v=3,https://gitstar-ranking.com/quii
746,stefan-jansen,25031,https://avatars.githubusercontent.com/u/4275885?v=3,https://gitstar-ranking.com/stefan-jansen
747,basarat,25026,https://avatars.githubusercontent.com/u/874898?v=3,https://gitstar-ranking.com/basarat
748,HarisIqbal88,24999,https://avatars.githubusercontent.com/u/17570785?v=4,https://gitstar-ranking.com/HarisIqbal88
749,steven-tey,24943,https://avatars.githubusercontent.com/u/28986134?v=4,https://gitstar-ranking.com/steven-tey
750,twpayne,24891,https://avatars.githubusercontent.com/u/6942?v=4,https://gitstar-ranking.com/twpayne
751,gregberge,24878,https://avatars.githubusercontent.com/u/266302?v=3,https://gitstar-ranking.com/gregberge
752,seanmonstar,24872,https://avatars.githubusercontent.com/u/51479?v=4,https://gitstar-ranking.com/seanmonstar
753,zserge,24871,https://avatars.githubusercontent.com/u/1911760?v=3,https://gitstar-ranking.com/zserge
754,guofei9987,24870,https://avatars2.githubusercontent.com/u/19920283?v=4,https://gitstar-ranking.com/guofei9987
755,jessfraz,24780,https://avatars.githubusercontent.com/u/1445228?v=3,https://gitstar-ranking.com/jessfraz
756,Ignitetechnologies,24771,https://avatars.githubusercontent.com/u/23155361?v=4,https://gitstar-ranking.com/Ignitetechnologies
757,gentilkiwi,24762,https://avatars.githubusercontent.com/u/2307945?v=3,https://gitstar-ranking.com/gentilkiwi
758,jhao104,24753,https://avatars.githubusercontent.com/u/15058920?v=4,https://gitstar-ranking.com/jhao104
759,lin-xin,24734,https://avatars.githubusercontent.com/u/13494930?v=4,https://gitstar-ranking.com/lin-xin
760,svenstaro,24730,https://avatars.githubusercontent.com/u/1664?v=4,https://gitstar-ranking.com/svenstaro
761,amueller,24728,https://avatars.githubusercontent.com/u/449558?v=3,https://gitstar-ranking.com/amueller
762,mattt,24673,https://avatars.githubusercontent.com/u/7659?v=4,https://gitstar-ranking.com/mattt
763,orhanobut,24647,https://avatars.githubusercontent.com/u/1089616?v=3,https://gitstar-ranking.com/orhanobut
764,n0shake,24637,https://avatars.githubusercontent.com/u/8280282?v=3,https://gitstar-ranking.com/n0shake
764,copy,24637,https://avatars.githubusercontent.com/u/1816456?v=3,https://gitstar-ranking.com/copy
766,liuhuanyong,24634,https://avatars3.githubusercontent.com/u/22536595?v=4,https://gitstar-ranking.com/liuhuanyong
767,MustangYM,24632,https://avatars.githubusercontent.com/u/21478687?v=4,https://gitstar-ranking.com/MustangYM
768,xoreaxeaxeax,24601,https://avatars.githubusercontent.com/u/12904366?v=4,https://gitstar-ranking.com/xoreaxeaxeax
769,yzhao062,24578,https://avatars1.githubusercontent.com/u/15079146?v=4,https://gitstar-ranking.com/yzhao062
770,djsime1,24512,https://avatars.githubusercontent.com/u/8518150?v=3,https://gitstar-ranking.com/djsime1
771,leiurayer,24491,https://avatars.githubusercontent.com/u/19290097?v=4,https://gitstar-ranking.com/leiurayer
772,mksglu,24475,https://avatars.githubusercontent.com/u/6067714?v=3,https://gitstar-ranking.com/mksglu
773,benweet,24462,https://avatars.githubusercontent.com/u/1005257?v=3,https://gitstar-ranking.com/benweet
774,wangzheng0822,24401,https://avatars.githubusercontent.com/u/8136224?v=3,https://gitstar-ranking.com/wangzheng0822
775,kahun,24372,https://avatars.githubusercontent.com/u/122979?v=4,https://gitstar-ranking.com/kahun
776,btholt,24344,https://avatars.githubusercontent.com/u/999523?v=3,https://gitstar-ranking.com/btholt
777,erikras,24287,https://avatars.githubusercontent.com/u/4396759?v=3,https://gitstar-ranking.com/erikras
778,davidfowl,24238,https://avatars.githubusercontent.com/u/95136?v=4,https://gitstar-ranking.com/davidfowl
779,Delgan,24233,https://avatars.githubusercontent.com/u/4193924?v=3,https://gitstar-ranking.com/Delgan
780,m1k1o,24184,https://avatars.githubusercontent.com/u/7534274?v=3,https://gitstar-ranking.com/m1k1o
781,binux,24160,https://avatars.githubusercontent.com/u/646451?v=3,https://gitstar-ranking.com/binux
782,t4t5,24133,https://avatars.githubusercontent.com/u/2598660?v=3,https://gitstar-ranking.com/t4t5
782,android10,24133,https://avatars.githubusercontent.com/u/1360604?v=3,https://gitstar-ranking.com/android10
784,Akryum,24132,https://avatars.githubusercontent.com/u/2798204?v=3,https://gitstar-ranking.com/Akryum
785,bol-van,24124,https://avatars.githubusercontent.com/u/9076680?v=3,https://gitstar-ranking.com/bol-van
786,horsicq,24110,https://avatars.githubusercontent.com/u/7762949?v=3,https://gitstar-ranking.com/horsicq
787,spmallick,24106,https://avatars.githubusercontent.com/u/1720200?v=3,https://gitstar-ranking.com/spmallick
788,zhanghai,24095,https://avatars.githubusercontent.com/u/4469895?v=3,https://gitstar-ranking.com/zhanghai
789,itwanger,24067,https://avatars.githubusercontent.com/u/6011374?v=3,https://gitstar-ranking.com/itwanger
790,soulmachine,24044,https://avatars.githubusercontent.com/u/620768?v=3,https://gitstar-ranking.com/soulmachine
790,geohot,24044,https://avatars.githubusercontent.com/u/72895?v=4,https://gitstar-ranking.com/geohot
792,kishikawakatsumi,24031,https://avatars.githubusercontent.com/u/40610?v=4,https://gitstar-ranking.com/kishikawakatsumi
793,Canop,24015,https://avatars.githubusercontent.com/u/617006?v=3,https://gitstar-ranking.com/Canop
794,asciimoo,23948,https://avatars.githubusercontent.com/u/20240?v=4,https://gitstar-ranking.com/asciimoo
795,mementum,23927,https://avatars.githubusercontent.com/u/5713511?v=3,https://gitstar-ranking.com/mementum
796,rlabbe,23919,https://avatars.githubusercontent.com/u/5308143?v=3,https://gitstar-ranking.com/rlabbe
797,scottjehl,23912,https://avatars.githubusercontent.com/u/214783?v=3,https://gitstar-ranking.com/scottjehl
798,h2non,23889,https://avatars.githubusercontent.com/u/63402?v=4,https://gitstar-ranking.com/h2non
799,altercation,23872,https://avatars.githubusercontent.com/u/113542?v=4,https://gitstar-ranking.com/altercation
800,JohnCoates,23822,https://avatars.githubusercontent.com/u/967800?v=3,https://gitstar-ranking.com/JohnCoates
801,AZeC4,23819,https://avatars.githubusercontent.com/u/28788674?v=4,https://gitstar-ranking.com/AZeC4
802,jakearchibald,23817,https://avatars.githubusercontent.com/u/93594?v=4,https://gitstar-ranking.com/jakearchibald
803,munificent,23806,https://avatars.githubusercontent.com/u/46275?v=4,https://gitstar-ranking.com/munificent
804,anderspitman,23789,https://avatars.githubusercontent.com/u/7820200?v=3,https://gitstar-ranking.com/anderspitman
805,piskvorky,23783,https://avatars.githubusercontent.com/u/610412?v=3,https://gitstar-ranking.com/piskvorky
806,yangzongzhuan,23745,https://avatars.githubusercontent.com/u/19240310?v=4,https://gitstar-ranking.com/yangzongzhuan
807,verekia,23720,https://avatars.githubusercontent.com/u/522007?v=3,https://gitstar-ranking.com/verekia
808,unicodeveloper,23667,https://avatars.githubusercontent.com/u/2946769?v=3,https://gitstar-ranking.com/unicodeveloper
809,AlDanial,23640,https://avatars.githubusercontent.com/u/1459933?v=3,https://gitstar-ranking.com/AlDanial
810,wojtekmaj,23634,https://avatars.githubusercontent.com/u/5426427?v=3,https://gitstar-ranking.com/wojtekmaj
811,JingMatrix,23599,https://avatars.githubusercontent.com/u/24476093?v=4,https://gitstar-ranking.com/JingMatrix
812,auchenberg,23584,https://avatars.githubusercontent.com/u/173559?v=4,https://gitstar-ranking.com/auchenberg
813,unixorn,23558,https://avatars.githubusercontent.com/u/23920?v=4,https://gitstar-ranking.com/unixorn
814,wsargent,23538,https://avatars.githubusercontent.com/u/71236?v=4,https://gitstar-ranking.com/wsargent
815,geektutu,23517,https://avatars2.githubusercontent.com/u/13294018?v=4,https://gitstar-ranking.com/geektutu
816,sebastianruder,23503,https://avatars.githubusercontent.com/u/6792642?v=3,https://gitstar-ranking.com/sebastianruder
817,carloscuesta,23494,https://avatars.githubusercontent.com/u/7629661?v=3,https://gitstar-ranking.com/carloscuesta
818,alexellis,23462,https://avatars.githubusercontent.com/u/6358735?v=3,https://gitstar-ranking.com/alexellis
819,brettwooldridge,23461,https://avatars.githubusercontent.com/u/1538661?v=3,https://gitstar-ranking.com/brettwooldridge
820,jbee37142,23454,https://avatars.githubusercontent.com/u/17924127?v=4,https://gitstar-ranking.com/jbee37142
821,nikitabobko,23374,https://avatars.githubusercontent.com/u/20517828?v=4,https://gitstar-ranking.com/nikitabobko
822,lettier,23159,https://avatars.githubusercontent.com/u/1661343?v=3,https://gitstar-ranking.com/lettier
823,wistbean,23158,https://avatars.githubusercontent.com/u/11805948?v=4,https://gitstar-ranking.com/wistbean
824,bloc97,23104,https://avatars.githubusercontent.com/u/567732?v=3,https://gitstar-ranking.com/bloc97
825,dabit3,23094,https://avatars.githubusercontent.com/u/1857282?v=3,https://gitstar-ranking.com/dabit3
826,dibingfa,23048,https://avatars.githubusercontent.com/u/25787738?v=4,https://gitstar-ranking.com/dibingfa
827,SBoudrias,23040,https://avatars.githubusercontent.com/u/923865?v=3,https://gitstar-ranking.com/SBoudrias
828,forezp,23029,https://avatars.githubusercontent.com/u/11371924?v=4,https://gitstar-ranking.com/forezp
829,mxrch,23025,https://avatars.githubusercontent.com/u/17338428?v=4,https://gitstar-ranking.com/mxrch
830,chriskiehl,23020,https://avatars.githubusercontent.com/u/1408720?v=3,https://gitstar-ranking.com/chriskiehl
831,jlmakes,23008,https://avatars.githubusercontent.com/u/2044842?v=3,https://gitstar-ranking.com/jlmakes
832,dzhng,22985,https://avatars.githubusercontent.com/u/1329503?v=3,https://gitstar-ranking.com/dzhng
833,tipsy,22983,https://avatars.githubusercontent.com/u/1521451?v=3,https://gitstar-ranking.com/tipsy
834,txthinking,22968,https://avatars.githubusercontent.com/u/1241807?v=3,https://gitstar-ranking.com/txthinking
835,norbusan,22942,https://avatars.githubusercontent.com/u/1735589?v=3,https://gitstar-ranking.com/norbusan
836,matiassingers,22932,https://avatars.githubusercontent.com/u/938453?v=3,https://gitstar-ranking.com/matiassingers
837,joke2k,22921,https://avatars.githubusercontent.com/u/359076?v=3,https://gitstar-ranking.com/joke2k
838,nirzaf,22879,https://avatars.githubusercontent.com/u/18024930?v=4,https://gitstar-ranking.com/nirzaf
839,motdotla,22874,https://avatars.githubusercontent.com/u/3848?v=4,https://gitstar-ranking.com/motdotla
840,bcicen,22852,https://avatars.githubusercontent.com/u/5673805?v=3,https://gitstar-ranking.com/bcicen
841,shenweichen,22831,https://avatars3.githubusercontent.com/u/18311786?v=4,https://gitstar-ranking.com/shenweichen
842,malcommac,22820,https://avatars.githubusercontent.com/u/235645?v=3,https://gitstar-ranking.com/malcommac
843,FelisCatus,22774,https://avatars.githubusercontent.com/u/912649?v=3,https://gitstar-ranking.com/FelisCatus
844,hasaneyldrm,22765,https://avatars.githubusercontent.com/u/28005450?v=4,https://gitstar-ranking.com/hasaneyldrm
845,zzzgydi,22719,https://avatars.githubusercontent.com/u/27361820?v=4,https://gitstar-ranking.com/zzzgydi
846,guolindev,22688,https://avatars.githubusercontent.com/u/20859208?v=4,https://gitstar-ranking.com/guolindev
847,dipakkr,22686,https://avatars.githubusercontent.com/u/17788569?v=4,https://gitstar-ranking.com/dipakkr
848,chidiwilliams,22666,https://avatars.githubusercontent.com/u/17879672?v=4,https://gitstar-ranking.com/chidiwilliams
849,AnthonyCalandra,22661,https://avatars.githubusercontent.com/u/952574?v=3,https://gitstar-ranking.com/AnthonyCalandra
850,Caldis,22648,https://avatars.githubusercontent.com/u/3529490?v=3,https://gitstar-ranking.com/Caldis
851,nunomaduro,22610,https://avatars.githubusercontent.com/u/5457236?v=3,https://gitstar-ranking.com/nunomaduro
852,smicallef,22586,https://avatars.githubusercontent.com/u/1687345?v=3,https://gitstar-ranking.com/smicallef
853,ben-manes,22558,https://avatars.githubusercontent.com/u/378614?v=3,https://gitstar-ranking.com/ben-manes
854,vitalets,22484,https://avatars.githubusercontent.com/u/1473072?v=3,https://gitstar-ranking.com/vitalets
855,mishoo,22453,https://avatars.githubusercontent.com/u/334725?v=3,https://gitstar-ranking.com/mishoo
856,michaelliao,22426,https://avatars.githubusercontent.com/u/470058?v=3,https://gitstar-ranking.com/michaelliao
857,piotrwitek,22412,https://avatars.githubusercontent.com/u/739075?v=3,https://gitstar-ranking.com/piotrwitek
858,zyronon,22384,https://avatars.githubusercontent.com/u/19986642?v=4,https://gitstar-ranking.com/zyronon
859,xifangczy,22365,https://avatars.githubusercontent.com/u/1239904?v=3,https://gitstar-ranking.com/xifangczy
860,dastergon,22364,https://avatars.githubusercontent.com/u/1192342?v=3,https://gitstar-ranking.com/dastergon
861,crazy-max,22359,https://avatars.githubusercontent.com/u/1951866?v=3,https://gitstar-ranking.com/crazy-max
862,Miserlou,22354,https://avatars.githubusercontent.com/u/139987?v=4,https://gitstar-ranking.com/Miserlou
863,hzlzh,22343,https://avatars.githubusercontent.com/u/1049575?v=3,https://gitstar-ranking.com/hzlzh
864,hua1995116,22309,https://avatars.githubusercontent.com/u/12070073?v=4,https://gitstar-ranking.com/hua1995116
865,izackwu,22291,https://avatars.githubusercontent.com/u/20233656?v=4,https://gitstar-ranking.com/izackwu
866,alexjc,22276,https://avatars.githubusercontent.com/u/445208?v=3,https://gitstar-ranking.com/alexjc
867,chaozh,22249,https://avatars.githubusercontent.com/u/1067743?v=3,https://gitstar-ranking.com/chaozh
868,p0deje,22242,https://avatars.githubusercontent.com/u/665846?v=3,https://gitstar-ranking.com/p0deje
869,dariubs,22234,https://avatars.githubusercontent.com/u/3078072?v=3,https://gitstar-ranking.com/dariubs
869,stevearc,22234,https://avatars.githubusercontent.com/u/506791?v=3,https://gitstar-ranking.com/stevearc
871,SawyerHood,22232,https://avatars.githubusercontent.com/u/2380669?v=3,https://gitstar-ranking.com/SawyerHood
872,octocat,22224,https://avatars.githubusercontent.com/u/583231?v=3,https://gitstar-ranking.com/octocat
873,vasturiano,22210,https://avatars.githubusercontent.com/u/6784226?v=3,https://gitstar-ranking.com/vasturiano
874,mob-sakai,22193,https://avatars2.githubusercontent.com/u/12690315?v=4,https://gitstar-ranking.com/mob-sakai
875,yangyangwithgnu,22149,https://avatars.githubusercontent.com/u/3734415?v=3,https://gitstar-ranking.com/yangyangwithgnu
876,julycoding,22119,https://avatars.githubusercontent.com/u/6184536?v=3,https://gitstar-ranking.com/julycoding
877,kaixindelele,22112,https://avatars.githubusercontent.com/u/28528386?v=4,https://gitstar-ranking.com/kaixindelele
878,rockerBOO,22111,https://avatars.githubusercontent.com/u/15027?v=4,https://gitstar-ranking.com/rockerBOO
879,Evil0ctal,22106,https://avatars.githubusercontent.com/u/20760448?v=4,https://gitstar-ranking.com/Evil0ctal
880,antimatter15,22091,https://avatars.githubusercontent.com/u/30054?v=4,https://gitstar-ranking.com/antimatter15
881,liabru,22084,https://avatars.githubusercontent.com/u/654420?v=3,https://gitstar-ranking.com/liabru
882,Koenkk,22007,https://avatars.githubusercontent.com/u/2892853?v=3,https://gitstar-ranking.com/Koenkk
883,williamfiset,22006,https://avatars.githubusercontent.com/u/5898848?v=3,https://gitstar-ranking.com/williamfiset
884,Zulko,21978,https://avatars.githubusercontent.com/u/1646122?v=3,https://gitstar-ranking.com/Zulko
885,Kyubyong,21954,https://avatars.githubusercontent.com/u/13579986?v=4,https://gitstar-ranking.com/Kyubyong
886,kennethreitz,21944,https://avatars.githubusercontent.com/u/119893?v=4,https://gitstar-ranking.com/kennethreitz
887,xiaoyaocz,21920,https://avatars.githubusercontent.com/u/16559082?v=4,https://gitstar-ranking.com/xiaoyaocz
888,zijie0,21901,https://avatars.githubusercontent.com/u/2510265?v=3,https://gitstar-ranking.com/zijie0
889,webpro,21898,https://avatars.githubusercontent.com/u/456426?v=3,https://gitstar-ranking.com/webpro
890,chenshuo,21882,https://avatars.githubusercontent.com/u/231074?v=3,https://gitstar-ranking.com/chenshuo
891,w-okada,21875,https://avatars.githubusercontent.com/u/48346627?v=4,https://gitstar-ranking.com/w-okada
892,henrypp,21873,https://avatars.githubusercontent.com/u/3902025?v=3,https://gitstar-ranking.com/henrypp
893,allinurl,21861,https://avatars.githubusercontent.com/u/5005367?v=3,https://gitstar-ranking.com/allinurl
894,mayswind,21843,https://avatars.githubusercontent.com/u/2211648?v=3,https://gitstar-ranking.com/mayswind
895,rocksdanister,21824,https://avatars.githubusercontent.com/u/17554161?v=4,https://gitstar-ranking.com/rocksdanister
896,krisk,21812,https://avatars.githubusercontent.com/u/565580?v=3,https://gitstar-ranking.com/krisk
897,zergtant,21806,https://avatars.githubusercontent.com/u/6510464?v=3,https://gitstar-ranking.com/zergtant
898,perkfly,21797,https://avatars.githubusercontent.com/u/1035487?v=3,https://gitstar-ranking.com/perkfly
899,kenjihiranabe,21792,https://avatars.githubusercontent.com/u/1093925?v=3,https://gitstar-ranking.com/kenjihiranabe
900,petkaantonov,21680,https://avatars.githubusercontent.com/u/829734?v=3,https://gitstar-ranking.com/petkaantonov
901,arialdomartini,21678,https://avatars.githubusercontent.com/u/150719?v=4,https://gitstar-ranking.com/arialdomartini
902,vim-scripts,21667,https://avatars.githubusercontent.com/u/443562?v=3,https://gitstar-ranking.com/vim-scripts
903,benfred,21665,https://avatars.githubusercontent.com/u/69536?v=4,https://gitstar-ranking.com/benfred
903,wong2,21665,https://avatars.githubusercontent.com/u/321947?v=3,https://gitstar-ranking.com/wong2
905,bizz84,21663,https://avatars.githubusercontent.com/u/153167?v=4,https://gitstar-ranking.com/bizz84
906,quozd,21647,https://avatars.githubusercontent.com/u/2129162?v=3,https://gitstar-ranking.com/quozd
907,jmoiron,21621,https://avatars.githubusercontent.com/u/218132?v=3,https://gitstar-ranking.com/jmoiron
908,bnb,21602,https://avatars.githubusercontent.com/u/502396?v=3,https://gitstar-ranking.com/bnb
909,Rem0o,21560,https://avatars.githubusercontent.com/u/14118956?v=4,https://gitstar-ranking.com/Rem0o
910,pavlobu,21557,https://avatars.githubusercontent.com/u/14937251?v=4,https://gitstar-ranking.com/pavlobu
911,felixge,21551,https://avatars.githubusercontent.com/u/15000?v=4,https://gitstar-ranking.com/felixge
912,mxcl,21529,https://avatars.githubusercontent.com/u/58962?v=4,https://gitstar-ranking.com/mxcl
913,cipher387,21510,https://avatars.githubusercontent.com/u/66636466?v=4,https://gitstar-ranking.com/cipher387
914,mdo,21488,https://avatars.githubusercontent.com/u/98681?v=4,https://gitstar-ranking.com/mdo
915,ShusenTang,21469,https://avatars.githubusercontent.com/u/16498688?v=4,https://gitstar-ranking.com/ShusenTang
916,Olshansk,21460,https://avatars.githubusercontent.com/u/1892194?v=3,https://gitstar-ranking.com/Olshansk
917,inancgumus,21399,https://avatars.githubusercontent.com/u/621232?v=3,https://gitstar-ranking.com/inancgumus
918,bojone,21386,https://avatars.githubusercontent.com/u/9159613?v=3,https://gitstar-ranking.com/bojone
919,stas00,21376,https://avatars.githubusercontent.com/u/10676103?v=4,https://gitstar-ranking.com/stas00
920,davatron5000,21362,https://avatars.githubusercontent.com/u/42218?v=4,https://gitstar-ranking.com/davatron5000
921,progrium,21360,https://avatars.githubusercontent.com/u/647?v=4,https://gitstar-ranking.com/progrium
922,modood,21344,https://avatars.githubusercontent.com/u/11327898?v=4,https://gitstar-ranking.com/modood
923,code4craft,21342,https://avatars.githubusercontent.com/u/1351884?v=3,https://gitstar-ranking.com/code4craft
924,kean,21341,https://avatars.githubusercontent.com/u/1567433?v=3,https://gitstar-ranking.com/kean
925,bendc,21265,https://avatars.githubusercontent.com/u/51664?v=4,https://gitstar-ranking.com/bendc
926,snail007,21236,https://avatars.githubusercontent.com/u/4533203?v=3,https://gitstar-ranking.com/snail007
927,fathyb,21213,https://avatars.githubusercontent.com/u/5746414?v=3,https://gitstar-ranking.com/fathyb
928,birobirobiro,21165,https://avatars.githubusercontent.com/u/22185823?v=4,https://gitstar-ranking.com/birobirobiro
929,yangchong211,21148,https://avatars.githubusercontent.com/u/22100988?v=4,https://gitstar-ranking.com/yangchong211
930,mcollina,21144,https://avatars.githubusercontent.com/u/52195?v=4,https://gitstar-ranking.com/mcollina
931,lionsoul2014,21128,https://avatars.githubusercontent.com/u/7111577?v=3,https://gitstar-ranking.com/lionsoul2014
932,thlorenz,21107,https://avatars.githubusercontent.com/u/192891?v=4,https://gitstar-ranking.com/thlorenz
933,learning-zone,21091,https://avatars.githubusercontent.com/u/10107543?v=3,https://gitstar-ranking.com/learning-zone
934,dgryski,21079,https://avatars.githubusercontent.com/u/970862?v=3,https://gitstar-ranking.com/dgryski
935,hfiref0x,21075,https://avatars.githubusercontent.com/u/10708977?v=4,https://gitstar-ranking.com/hfiref0x
936,cnlohr,21069,https://avatars.githubusercontent.com/u/2748168?v=3,https://gitstar-ranking.com/cnlohr
937,pedrovgs,21036,https://avatars.githubusercontent.com/u/4030704?v=3,https://gitstar-ranking.com/pedrovgs
938,jindongwang,21035,https://avatars.githubusercontent.com/u/6158206?v=3,https://gitstar-ranking.com/jindongwang
939,asweigart,21025,https://avatars.githubusercontent.com/u/52220?v=4,https://gitstar-ranking.com/asweigart
940,taniarascia,20993,https://avatars.githubusercontent.com/u/11951801?v=4,https://gitstar-ranking.com/taniarascia
941,airyland,20895,https://avatars.githubusercontent.com/u/559179?v=3,https://gitstar-ranking.com/airyland
942,kgretzky,20894,https://avatars.githubusercontent.com/u/19260967?v=4,https://gitstar-ranking.com/kgretzky
943,JeffLi1993,20869,https://avatars.githubusercontent.com/u/6890948?v=3,https://gitstar-ranking.com/JeffLi1993
944,mjhea0,20840,https://avatars.githubusercontent.com/u/2018167?v=3,https://gitstar-ranking.com/mjhea0
945,Exrick,20814,https://avatars.githubusercontent.com/u/22902934?v=4,https://gitstar-ranking.com/Exrick
946,joho,20803,https://avatars.githubusercontent.com/u/4092?v=4,https://gitstar-ranking.com/joho
947,floooh,20801,https://avatars.githubusercontent.com/u/1699414?v=3,https://gitstar-ranking.com/floooh
948,brannondorsey,20793,https://avatars.githubusercontent.com/u/3193533?v=3,https://gitstar-ranking.com/brannondorsey
949,DenverCoder1,20788,https://avatars.githubusercontent.com/u/20955511?v=4,https://gitstar-ranking.com/DenverCoder1
950,hahwul,20776,https://avatars.githubusercontent.com/u/13212227?v=4,https://gitstar-ranking.com/hahwul
951,EZLippi,20768,https://avatars1.githubusercontent.com/u/5326814?v=4,https://gitstar-ranking.com/EZLippi
952,objective-see,20753,https://avatars.githubusercontent.com/u/11327812?v=4,https://gitstar-ranking.com/objective-see
953,nondanee,20741,https://avatars.githubusercontent.com/u/26399680?v=4,https://gitstar-ranking.com/nondanee
954,lirantal,20733,https://avatars.githubusercontent.com/u/316371?v=3,https://gitstar-ranking.com/lirantal
955,bkaradzic,20731,https://avatars.githubusercontent.com/u/814772?v=3,https://gitstar-ranking.com/bkaradzic
956,iCHAIT,20662,https://avatars.githubusercontent.com/u/8472314?v=3,https://gitstar-ranking.com/iCHAIT
957,asLody,20650,https://avatars.githubusercontent.com/u/11069271?v=4,https://gitstar-ranking.com/asLody
958,Juanpe,20642,https://avatars.githubusercontent.com/u/1409041?v=3,https://gitstar-ranking.com/Juanpe
959,rigtorp,20639,https://avatars.githubusercontent.com/u/178027?v=4,https://gitstar-ranking.com/rigtorp
960,nolanlawson,20631,https://avatars.githubusercontent.com/u/283842?v=3,https://gitstar-ranking.com/nolanlawson
961,rauchg,20619,https://avatars.githubusercontent.com/u/13041?v=4,https://gitstar-ranking.com/rauchg
962,KoljaB,20549,https://avatars.githubusercontent.com/u/7604638?v=3,https://gitstar-ranking.com/KoljaB
963,nosir,20527,https://avatars.githubusercontent.com/u/352617?v=3,https://gitstar-ranking.com/nosir
964,lihaoyun6,20525,https://avatars.githubusercontent.com/u/16348097?v=4,https://gitstar-ranking.com/lihaoyun6
965,hadley,20515,https://avatars.githubusercontent.com/u/4196?v=4,https://gitstar-ranking.com/hadley
966,yanue,20500,https://avatars.githubusercontent.com/u/1435250?v=3,https://gitstar-ranking.com/yanue
967,safak,20488,https://avatars.githubusercontent.com/u/1486366?v=3,https://gitstar-ranking.com/safak
968,disler,20485,https://avatars.githubusercontent.com/u/7570811?v=3,https://gitstar-ranking.com/disler
969,Yixiaohan,20458,https://avatars.githubusercontent.com/u/1506425?v=3,https://gitstar-ranking.com/Yixiaohan
970,lowlighter,20455,https://avatars.githubusercontent.com/u/22963968?v=4,https://gitstar-ranking.com/lowlighter
971,FaridSafi,20451,https://avatars.githubusercontent.com/u/388375?v=3,https://gitstar-ranking.com/FaridSafi
972,teng-lin,20447,https://avatars.githubusercontent.com/u/737447?v=3,https://gitstar-ranking.com/teng-lin
973,yudai,20407,https://avatars.githubusercontent.com/u/33192?v=4,https://gitstar-ranking.com/yudai
974,linlinjava,20394,https://avatars.githubusercontent.com/u/4223779?v=3,https://gitstar-ranking.com/linlinjava
975,lokesh,20390,https://avatars.githubusercontent.com/u/51469?v=4,https://gitstar-ranking.com/lokesh
976,mrexodia,20388,https://avatars.githubusercontent.com/u/2458265?v=3,https://gitstar-ranking.com/mrexodia
977,kriskowal,20372,https://avatars.githubusercontent.com/u/60294?v=4,https://gitstar-ranking.com/kriskowal
978,krishnadey30,20323,https://avatars.githubusercontent.com/u/22263782?v=4,https://gitstar-ranking.com/krishnadey30
979,winterbe,20277,https://avatars.githubusercontent.com/u/485033?v=3,https://gitstar-ranking.com/winterbe
980,tobiasahlin,20275,https://avatars.githubusercontent.com/u/211284?v=3,https://gitstar-ranking.com/tobiasahlin
981,felipefialho,20273,https://avatars.githubusercontent.com/u/3603793?v=3,https://gitstar-ranking.com/felipefialho
982,dhg,20221,https://avatars.githubusercontent.com/u/693790?v=3,https://gitstar-ranking.com/dhg
983,shidenggui,20220,https://avatars.githubusercontent.com/u/5035364?v=3,https://gitstar-ranking.com/shidenggui
984,cirosantilli,20203,https://avatars.githubusercontent.com/u/1429315?v=3,https://gitstar-ranking.com/cirosantilli
985,janeczku,20198,https://avatars.githubusercontent.com/u/3813921?v=3,https://gitstar-ranking.com/janeczku
986,rushter,20195,https://avatars.githubusercontent.com/u/3187951?v=3,https://gitstar-ranking.com/rushter
987,Rigellute,20194,https://avatars.githubusercontent.com/u/12150276?v=4,https://gitstar-ranking.com/Rigellute
988,mzlogin,20185,https://avatars.githubusercontent.com/u/1646590?v=3,https://gitstar-ranking.com/mzlogin
989,zxwk1998,20173,https://avatars.githubusercontent.com/u/26647258?v=4,https://gitstar-ranking.com/zxwk1998
990,devxoul,20172,https://avatars.githubusercontent.com/u/931655?v=3,https://gitstar-ranking.com/devxoul
991,andlabs,20165,https://avatars.githubusercontent.com/u/718242?v=3,https://gitstar-ranking.com/andlabs
992,jeasonlzy,20133,https://avatars.githubusercontent.com/u/13421975?v=4,https://gitstar-ranking.com/jeasonlzy
993,andreamazz,20131,https://avatars.githubusercontent.com/u/570797?v=3,https://gitstar-ranking.com/andreamazz
994,HelloZeroNet,20127,https://avatars0.githubusercontent.com/u/10350359?v=4,https://gitstar-ranking.com/HelloZeroNet
995,qinguoyi,20111,https://avatars3.githubusercontent.com/u/25760295?v=4,https://gitstar-ranking.com/qinguoyi
996,dhamaniasad,20102,https://avatars.githubusercontent.com/u/4560482?v=3,https://gitstar-ranking.com/dhamaniasad
996,MoienTajik,20102,https://avatars.githubusercontent.com/u/21059063?v=4,https://gitstar-ranking.com/MoienTajik
998,wagerfield,20100,https://avatars.githubusercontent.com/u/412747?v=3,https://gitstar-ranking.com/wagerfield
999,learnbyexample,20082,https://avatars.githubusercontent.com/u/17766317?v=4,https://gitstar-ranking.com/learnbyexample
1000,yaronn,20079,https://avatars.githubusercontent.com/u/1359037?v=3,https://gitstar-ranking.com/yaronn
